id,revenue
3001,10561853.017952576
3002,5088404.690899347
3003,14470512.740378678
3004,21599781.93252902
3005,3525405.9188537276
3006,17591131.180888955
3007,13287449.39638798
3008,83590416.90626246
3009,45359095.93185722
3010,338396911.0
3011,1529239.2462586118
3012,4271111.392814037
3013,50528909.028155394
3014,784504.8207950034
3015,47929197.65359919
3016,1319935.4588422873
3017,126871297.885
3018,225051631.27
3019,39258903.24410821
3020,787474242.53
3021,57492179.71454133
3022,50854376.98022789
3023,1472578.235599951
3024,49836837.93321662
3025,7434642.891627493
3026,113853965.72669753
3027,8147911.985166121
3028,114218808.11630112
3029,12869873.300311422
3030,62406308.340419315
3031,8260631.178514618
3032,10426185.64705763
3033,958540.0803232348
3034,2103600.3258960634
3035,15540788.208864484
3036,32800532.759546176
3037,93124961.14619963
3038,48199637.58337484
3039,30002943.963876337
3040,6306941.568684253
3041,28889513.367631998
3042,4681665.115928709
3043,20127205.059063084
3044,9070022.598685116
3045,539620115.83
3046,10150127.748377569
3047,11742644.488217289
3048,38129183.14113411
3049,45996823.08265049
3050,58892512.571759745
3051,2270578.6905936743
3052,32835569.140917093
3053,899233.5530069978
3054,6169559.304564839
3055,83660540.2025
3056,633349.4409380041
3057,72046590.49880314
3058,543919926.37
3059,8343473.297714822
3060,99363441.41066667
3061,83438162.77772221
3062,48489784.54655018
3063,73796762.22792408
3064,90188235.31
3065,34428675.5877606
3066,127973821.17492858
3067,13436900.102393497
3068,74732737.18857875
3069,245018745.45
3070,5652704.984028477
3071,26778931.937261034
3072,623760853.05
3073,3852970.652395197
3074,2950502.406479904
3075,43495880.041159384
3076,289007619.15
3077,112891157.06083333
3078,160761917.24833333
3079,75368975.61929584
3080,133722089.52880953
3081,33485765.783007752
3082,9839735.574061422
3083,25100320.353163037
3084,1334711.9599163155
3085,46760418.55484
3086,134846864.01287356
3087,1906959.3360793442
3088,2307701.989459333
3089,4579476.31167132
3090,43198966.24899775
3091,38785807.74990311
3092,8858169.607210582
3093,188876409.5293651
3094,92511829.73632464
3095,74254165.36952779
3096,5400624.404149003
3097,934985448.6
3098,21412079.67773591
3099,83067339.64084415
3100,7236531.985011398
3101,21912118.40737978
3102,8832072.60698333
3103,2407043.100352312
3104,10013842.378639547
3105,81150549.51
3106,112163484.12
3107,62618151.67283034
3108,17287937.003003307
3109,20332801.53805701
3110,453199456.79
3111,28837949.390487686
3112,5844114.7937220745
3113,21682129.21953544
3114,21001050.19070417
3115,37481295.952625245
3116,13790558.632386627
3117,2121669.2403739197
3118,8659426.924566623
3119,218304807.2125
3120,271623555.02
3121,9418339.71963482
3122,17356236.58472757
3123,20908311.23733901
3124,13319347.671212781
3125,2195556.6393875303
3126,77069468.47078766
3127,15136176.034825804
3128,60840630.23231667
3129,251969292.79416668
3130,14643019.668735353
3131,12660619.10871084
3132,15871410.174702851
3133,8120784.651774514
3134,24242116.07681665
3135,4815672.28190986
3136,9201779.703341069
3137,154188449.18
3138,1347629.5722833648
3139,24205767.604265828
3140,124743086.72666666
3141,17793760.942428686
3142,20030890.747863635
3143,162906077.53964287
3144,20650245.850841504
3145,47678925.79768916
3146,6537152.4612735305
3147,16820656.5814725
3148,6250436.809258965
3149,93915724.1384
3150,112978573.59
3151,17222103.028437916
3152,40089306.7399916
3153,15736102.326306874
3154,7242537.658471772
3155,73860551.5980773
3156,21919054.947476868
3157,26625251.18063026
3158,209688033.17
3159,23377464.660303254
3160,19893855.20492414
3161,1992301.7575584622
3162,15504256.542922946
3163,102884478.68076923
3164,12583169.808193825
3165,1373060.9398455524
3166,3479129.108875597
3167,99926267.8421212
3168,4403381.448435191
3169,31708239.442893628
3170,16381409.00956307
3171,64682484.37448213
3172,81627539.88270928
3173,1187502.2763116783
3174,9427885.12355533
3175,32497152.304119695
3176,63140217.33685023
3177,111096570.40799999
3178,8219126.937537437
3179,14415058.526313424
3180,17465206.665110245
3181,3038740.7555498932
3182,281748636.4125
3183,43742763.83506548
3184,56504906.06926407
3185,71015234.55
3186,45488422.85768339
3187,22597599.23428918
3188,20462174.041238617
3189,117567232.26214907
3190,64460974.085
3191,30742878.3470593
3192,15257016.989568422
3193,341184839.23
3194,99556056.61105914
3195,1506399.4970177927
3196,6919410.716118092
3197,34471209.65798756
3198,221081037.02
3199,278494055.18
3200,15092237.88466663
3201,47825598.777110465
3202,17308618.41308156
3203,3539184.861372396
3204,8330775.222211258
3205,4152578.1448802054
3206,44914648.32624455
3207,55581926.99823273
3208,25737953.602686968
3209,6896752.533974574
3210,668135420.02
3211,5337332.879085802
3212,175605659.36449498
3213,97249599.193355
3214,13025728.130843783
3215,8132150.634780866
3216,24430577.616538297
3217,354424426.55
3218,15816299.619865164
3219,4980062.152106896
3220,280121391.05
3221,15492902.594455915
3222,8741177.86643099
3223,42329648.603845656
3224,3264851.894003566
3225,9096739.961814567
3226,5962359.520506704
3227,97440820.48836389
3228,302429477.78
3229,214388966.205
3230,60657753.294867106
3231,42079272.3040828
3232,42816617.72198496
3233,11962790.466703558
3234,10860342.754824555
3235,47734389.56305634
3236,2421978.6500584553
3237,31983533.885860994
3238,11341570.05831369
3239,7578791.588541154
3240,454451265.1
3241,10358719.204897711
3242,7570744.815275968
3243,12587712.228386948
3244,4783979.346348885
3245,10039758.196822917
3246,30943793.21874903
3247,28800265.81932343
3248,100707129.39263889
3249,51084632.36767857
3250,301718274.38
3251,3251561.9222793537
3252,22062668.95993534
3253,95203033.96575758
3254,3964036.8129976327
3255,974885.3016518982
3256,42621279.78726257
3257,29291960.52210696
3258,26490959.894520566
3259,36153319.68159976
3260,8585749.157182235
3261,698074657.85
3262,63688031.45
3263,5659010.048655604
3264,3418559.070252672
3265,503692.613492056
3266,1271014.0835530318
3267,50352040.82226817
3268,658416.6455366644
3269,70384668.87579338
3270,192994188.80674073
3271,17404285.328019604
3272,16777213.939685628
3273,69971485.17723686
3274,494057849.72
3275,34566838.890588656
3276,5582812.136273213
3277,27028356.05625
3278,87711977.23646836
3279,35197277.440197796
3280,358738826.33
3281,1505040.0094262455
3282,4191236.9120541043
3283,406264757.46
3284,60522108.96636022
3285,91892338.34772223
3286,7451014.079681061
3287,12251480.22416871
3288,46267154.92829299
3289,77391905.24889013
3290,89102644.08323593
3291,46727467.57437669
3292,348735359.87
3293,82622684.3405157
3294,10741936.990237586
3295,15334545.670205167
3296,5403116.092641622
3297,10480796.32102209
3298,57063633.966195814
3299,10305561.152620254
3300,41833315.50326067
3301,791385.5938710633
3302,9741140.102111245
3303,12067072.806120574
3304,29375299.974898458
3305,66093853.60249495
3306,1749975.4543750745
3307,64643386.1382396
3308,19004447.648571428
3309,12751971.160135536
3310,8583477.221264957
3311,13960109.538759626
3312,71326427.6903125
3313,70550493.81309576
3314,26990624.35354814
3315,105113105.69734906
3316,25829632.38544124
3317,49230273.16407054
3318,15803819.64355672
3319,5951458.401903812
3320,25994049.44542323
3321,27206566.61027976
3322,8169868.785620242
3323,165464372.6
3324,26716164.45343278
3325,102743374.58178572
3326,213785200.55
3327,75914970.66986112
3328,40411066.32548039
3329,13245844.737735018
3330,144111743.39
3331,6885255.833153438
3332,44646691.512429684
3333,253622381.82
3334,13168100.725366771
3335,78761145.12865801
3336,28944529.269252848
3337,832443.3804380309
3338,15020163.108997619
3339,2685700.161331815
3340,139681045.6
3341,14385563.308090977
3342,82953103.93978354
3343,55142627.261640094
3344,4442064.779924313
3345,22398686.66453157
3346,35938184.9390992
3347,903289.5356907904
3348,43522982.495
3349,66222258.943535715
3350,218127272.34
3351,39921990.17176789
3352,9097712.095039422
3353,129598593.16121212
3354,12354439.987015478
3355,4065889.7906790213
3356,56802418.95433006
3357,5297330.241570871
3358,42907437.999375
3359,34044450.44260993
3360,20249906.513425395
3361,125213756.83
3362,15919056.08399237
3363,14760185.528960494
3364,19826072.823437024
3365,3454073.7640670477
3366,109098595.52350001
3367,145892559.38205558
3368,4017638.561215743
3369,36230915.256970994
3370,124768484.87
3371,47361967.99866156
3372,40889078.62023897
3373,91293416.58716667
3374,11848530.231252633
3375,100101540.22134067
3376,32778117.251452852
3377,18199271.41801156
3378,19224054.890833333
3379,218676657.96
3380,68817619.29291922
3381,11237453.34410997
3382,2090644.0286662516
3383,3310336.7327189576
3384,72635054.48400794
3385,132960665.12984905
3386,7860183.3086794885
3387,20678232.084765304
3388,168676882.7776923
3389,977902406.73
3390,13851410.190282209
3391,13684816.791623864
3392,20389172.108279448
3393,13228061.283256086
3394,120564891.91
3395,208923843.7
3396,28510766.681734055
3397,5259427.307882666
3398,393234018.01
3399,128247510.10556336
3400,21643025.2001966
3401,6520588.639959043
3402,3148597.686007352
3403,180871440.915
3404,15098680.83462767
3405,29722479.37496933
3406,245748703.44
3407,241012438.75
3408,73040988.54701912
3409,7402465.150018308
3410,61968212.69289422
3411,66303173.65973977
3412,20368030.253988095
3413,37970956.24181818
3414,16906505.388913475
3415,30859135.108922802
3416,134221060.11
3417,68371547.06040858
3418,42918619.64716155
3419,366094349.3
3420,5604486.241149595
3421,20877353.160130065
3422,5328308.580588264
3423,423643796.5
3424,11556823.33413297
3425,5039726.939961186
3426,35646708.7808341
3427,53047848.19548095
3428,4600946.292984642
3429,26272778.584973007
3430,762591253.87
3431,9216248.637146194
3432,14564449.72758821
3433,46713698.14045834
3434,18927099.259091925
3435,437448162.73
3436,169556178.99666667
3437,23433013.344829578
3438,20569526.529052652
3439,83758578.85427383
3440,96309307.3215139
3441,122588463.66387355
3442,6347670.862538458
3443,5145938.3614550335
3444,1062029.173321951
3445,61579861.098444454
3446,1676663.9503721804
3447,32725363.30116053
3448,65011279.81016012
3449,7951131.382127509
3450,77289355.97647221
3451,60532687.08090158
3452,50254872.40457136
3453,87073487.00659478
3454,55339831.90363636
3455,8693671.137617871
3456,128145008.16801788
3457,69488673.603512
3458,47509847.3150992
3459,666790183.17
3460,39802617.22627875
3461,10458312.399664849
3462,31676913.292572513
3463,36197096.22357143
3464,1547866.9737147316
3465,41971925.11539543
3466,49755162.47857174
3467,15287296.008317085
3468,141496763.9055
3469,8234422.615234414
3470,1155883.7439505116
3471,86990176.6675
3472,6106720.449719795
3473,69105264.81204775
3474,92135499.38543591
3475,281855962.31
3476,12233197.255804162
3477,64609344.2714827
3478,8172943.451465783
3479,247591289.96
3480,15270214.57597991
3481,19201445.155784313
3482,3746816.719788039
3483,7425201.757506937
3484,4863151.899915015
3485,104595128.32666668
3486,106702403.92680733
3487,96470965.73833334
3488,115987747.24
3489,6285230.020906378
3490,66080928.71882353
3491,33370103.99738369
3492,7587111.25344953
3493,47113257.29034389
3494,35369317.67703628
3495,117890395.45138085
3496,12467220.306526244
3497,74934928.20205992
3498,37459475.714
3499,47874865.6579859
3500,1616194.4440382507
3501,112154295.3512069
3502,54176145.709863156
3503,48933566.21745031
3504,88106925.35970588
3505,7920344.838129114
3506,127215715.73714286
3507,313116612.05
3508,14345032.956069008
3509,33904233.52576753
3510,35443080.93218285
3511,37621776.639
3512,172897248.33400002
3513,20284432.723676234
3514,35622806.13680086
3515,20708924.529985074
3516,30033783.634063266
3517,597608544.98
3518,54117141.03967925
3519,20048086.22127644
3520,9969672.107983718
3521,4251122.7511158185
3522,33255419.211886026
3523,22470238.316173907
3524,94215944.52601081
3525,160086561.0
3526,41231272.550529264
3527,33677976.898867
3528,19551351.69429864
3529,606989880.3
3530,54981964.07
3531,83927988.29042906
3532,66511460.27017765
3533,45351084.01655832
3534,72686244.5053772
3535,211655060.71222222
3536,34623419.40044519
3537,121605279.155
3538,84171322.787
3539,54674397.89664215
3540,62632520.863759615
3541,73686180.40902378
3542,37150235.093333334
3543,2063198.8924256028
3544,72250952.7032265
3545,2730160.911043629
3546,8316473.599378114
3547,197743842.27
3548,382374120.44
3549,8319104.314524928
3550,320729762.75
3551,137550297.29075453
3552,80698286.50050698
3553,91885187.34304348
3554,175236970.16
3555,221434966.62
3556,71557033.61077382
3557,22900983.109771986
3558,212221561.03666663
3559,23899887.6540074
3560,13193456.547641842
3561,110256395.5547778
3562,13277973.329405334
3563,22952523.64357778
3564,4368558.344549235
3565,8632218.151896087
3566,96071180.4625
3567,48950543.28861742
3568,6705290.945966401
3569,162308236.03767675
3570,5007751.5639484795
3571,47508316.743035704
3572,146710662.62
3573,8533849.823981596
3574,48198524.32214286
3575,12976109.178913303
3576,28382974.69806137
3577,15051546.580718499
3578,63784807.90213251
3579,72714041.36982818
3580,35776010.92885227
3581,42240911.115746155
3582,104301813.47
3583,2492669.9468762595
3584,100338062.64069553
3585,67988152.86665331
3586,56762548.27679522
3587,14596255.500190478
3588,7566136.57947112
3589,39464576.050159976
3590,40968007.642654836
3591,461465178.61
3592,5018647.878083389
3593,2918643.557891452
3594,11148168.191365214
3595,45800053.6828961
3596,46918693.575858586
3597,19687759.599170934
3598,62094258.93513513
3599,25766378.51096531
3600,4638429.393976615
3601,3852426.731026982
3602,3443396.1075897925
3603,15267719.409220297
3604,3999068.5984653253
3605,64977935.40306882
3606,9393649.269495694
3607,83526587.14964479
3608,160537646.462
3609,10677022.999793286
3610,29921895.320742294
3611,1471552.0180768182
3612,33490225.12595116
3613,18702908.95674537
3614,162688421.41333333
3615,47204820.43400058
3616,23041831.371030554
3617,18105680.736069437
3618,146016195.11666667
3619,13223683.913102098
3620,146167456.79
3621,398174633.59
3622,413049549.58454543
3623,130672318.6876923
3624,1082039.9583185131
3625,1898271.1790555448
3626,62583825.23215647
3627,75117084.178
3628,485105557.05
3629,15557287.18692173
3630,1282513.81678362
3631,124418566.3634
3632,51012098.25121366
3633,65738633.645323314
3634,2524120.166861389
3635,6016333.514211147
3636,53828260.36414286
3637,3717757.209953991
3638,34477898.465949476
3639,136734936.13
3640,420004538.85
3641,11947185.041317558
3642,8268793.204031782
3643,23132888.754713636
3644,13459403.482730133
3645,18378742.381537896
3646,17816505.19049449
3647,38028999.74428146
3648,7827433.527468068
3649,28807352.246399842
3650,28248668.1185469
3651,613610313.52
3652,21941278.493001528
3653,242722482.13
3654,19785784.43157295
3655,40013668.47123241
3656,59004349.82558015
3657,808398.3479721983
3658,18483317.5346567
3659,109609222.12428571
3660,341144193.142
3661,19077624.342545066
3662,49727569.56488636
3663,365484529.32
3664,6658096.118351627
3665,3196370.0464220573
3666,12505047.461466849
3667,184596318.8
3668,55934928.08263027
3669,8281495.495380466
3670,88645611.58857143
3671,39083597.38166667
3672,11269936.555189686
3673,190202036.63
3674,35318464.94441695
3675,387692900.95
3676,187294250.76789474
3677,42968624.55969164
3678,23085285.969291154
3679,40974180.50035714
3680,19345858.884
3681,11398215.438132321
3682,181406810.33
3683,15853841.594423078
3684,118765437.42627762
3685,102729541.495
3686,27076563.43531759
3687,124089461.59
3688,5700500.164449687
3689,2077159.0260654988
3690,64887140.964560434
3691,17818295.96563071
3692,9419358.079525804
3693,131918578.31642857
3694,156249974.353
3695,106933325.50782944
3696,57436258.073452376
3697,54368936.785791524
3698,74653967.7907883
3699,9471761.995957807
3700,14180738.31277839
3701,43191951.2
3702,546874.8642175745
3703,109483869.06628384
3704,111296761.89097369
3705,11910319.743747909
3706,80829085.93479826
3707,2408382.0163905136
3708,24427944.2235265
3709,270301322.76
3710,19820378.68001223
3711,10721184.953247916
3712,78685601.30583334
3713,35042605.88001329
3714,8135922.291502549
3715,19736594.53485466
3716,7326164.721022796
3717,1442654.5826871546
3718,13834138.268033497
3719,73792057.80879167
3720,17030282.585993472
3721,4962340.738629929
3722,56970687.44667105
3723,7397535.214321396
3724,18633767.650000174
3725,35104975.883324824
3726,29049086.650421176
3727,91246620.025
3728,241281398.79
3729,23419288.594026577
3730,119591331.43586111
3731,163410770.912
3732,2155976.263272985
3733,273388920.02
3734,388764292.22
3735,33320618.75011344
3736,15076431.31182724
3737,16217016.6956289
3738,1550009.4843150142
3739,14800031.363689981
3740,38190718.69386504
3741,9462585.25412368
3742,98309915.30323927
3743,54341257.321414776
3744,183058246.34
3745,58474470.68472706
3746,224281021.16
3747,2291142.1184300575
3748,23206118.272303004
3749,12035983.190495323
3750,10172656.754475702
3751,27686820.269988224
3752,4147945.2615508675
3753,10848593.072484903
3754,44218250.849531025
3755,91747472.13251358
3756,41723810.71017222
3757,351519106.3
3758,135444026.0365
3759,8882276.780774906
3760,250667664.21
3761,40886123.61461012
3762,331571570.7
3763,39629419.93666667
3764,69434623.41178545
3765,18229950.296413317
3766,24925204.891220007
3767,42925012.87486842
3768,24941937.83820783
3769,5154976.156578693
3770,13986193.761488317
3771,39709742.092262425
3772,52809164.48949129
3773,53974716.514193036
3774,21332488.218011
3775,224659669.25083336
3776,88890191.69487195
3777,5251081.971696493
3778,499513.85916769324
3779,28096331.805485196
3780,2744030.0152470274
3781,34541882.32720868
3782,5189998.432743478
3783,29284091.352857143
3784,10670340.301174112
3785,364526569.9
3786,28059003.996253524
3787,225826945.37
3788,519460726.51
3789,11755753.426662916
3790,6608632.0766248675
3791,15254798.466568286
3792,1820713.4001717078
3793,5175838.287943009
3794,8408787.084312996
3795,631210507.07
3796,30451615.499224734
3797,23081520.804434482
3798,49607786.235417746
3799,15225590.452970877
3800,5218146.748022643
3801,96673281.1875909
3802,1829572.2785988825
3803,17909233.28546795
3804,1133492.240894775
3805,10570464.367589407
3806,93923152.29111111
3807,6216705.105300823
3808,3579921.194682021
3809,32690681.380406834
3810,8031556.757241417
3811,26369696.78690677
3812,5242272.929267409
3813,687773.0310173801
3814,6837863.991983864
3815,142207023.00055555
3816,144992092.10666668
3817,220316846.69
3818,85090674.12515813
3819,43104882.53759675
3820,127200028.53016667
3821,85236608.34669724
3822,20110770.92495426
3823,10262865.315547407
3824,27990994.113145813
3825,14245466.463071156
3826,102252378.11453001
3827,119212364.93
3828,12288073.01961953
3829,639063.9740662222
3830,52245978.29195575
3831,1069386.4387926378
3832,176574194.33
3833,52165259.741000004
3834,18727847.259382464
3835,22362104.638247784
3836,6228494.332289286
3837,45043449.929113045
3838,87232026.35669176
3839,9640766.408319842
3840,44311225.41035714
3841,22011660.890051063
3842,18491277.12544971
3843,53072183.228375345
3844,2712304.7288646195
3845,512046.92922051245
3846,4249698.216066947
3847,2199664.820801424
3848,13383159.402132351
3849,74960595.54387707
3850,33798054.15165034
3851,58505336.924682274
3852,8992238.790177744
3853,169002401.66333333
3854,952349.4028856339
3855,1928664.0607388737
3856,26127267.588570204
3857,650247935.44
3858,708236.9090415102
3859,18749582.61942031
3860,35898959.03166559
3861,62046686.67192411
3862,26594625.11441081
3863,70893533.90817265
3864,114683756.56369047
3865,141948969.57510054
3866,8882534.502263144
3867,91815619.2
3868,11406531.156543307
3869,122271017.16364112
3870,95116052.31211717
3871,705720185.94
3872,86638884.50570753
3873,59822414.11027196
3874,2723866.1247273
3875,80326726.66572161
3876,1600563.2065274233
3877,45969989.44865282
3878,214185510.61
3879,413118416.53
3880,12567399.001695188
3881,460786.59624765656
3882,7165650.823759073
3883,6220463.990543366
3884,425129080.94
3885,13934432.51448834
3886,39526827.61575384
3887,17511491.04324727
3888,11939283.412388183
3889,69257189.64784594
3890,188396346.51333335
3891,12423011.272851806
3892,15644536.779319353
3893,505221386.18
3894,94216084.183556
3895,61277627.12501216
3896,71777230.78989926
3897,9046305.862548715
3898,29031046.80821729
3899,677066184.05
3900,79043654.48567401
3901,22693964.848445326
3902,5454943.740275915
3903,25614081.67748378
3904,10834811.794896094
3905,11950834.949769592
3906,113912550.71916668
3907,11050587.012413213
3908,19728800.380888924
3909,1700854.3598663523
3910,53235455.30299552
3911,2208114.083463581
3912,16807822.714915995
3913,93280314.23748975
3914,43384759.37752499
3915,299642299.85
3916,1303716.3974296611
3917,25946234.791462258
3918,16245582.341239484
3919,95327154.24979365
3920,43082112.57928572
3921,5418384.7578204665
3922,18588977.793469753
3923,31966677.46379563
3924,27737495.129347935
3925,293494076.22
3926,7717111.8238645205
3927,81444100.11827762
3928,118650805.45916882
3929,51924848.167261906
3930,18414410.793825075
3931,22805065.443501387
3932,19516381.137871873
3933,45186551.74632778
3934,88924717.21476795
3935,925072.2078472748
3936,9735717.972435892
3937,179749576.3317461
3938,11033264.239739416
3939,54217631.42541613
3940,13310270.359501278
3941,63708440.04540762
3942,266622156.57
3943,792812244.94
3944,39616265.18496378
3945,89845035.77340063
3946,15214350.71728233
3947,106072301.375
3948,21679034.09905807
3949,8540098.933189783
3950,6114132.495708644
3951,30304512.817670453
3952,72017569.60502087
3953,81607788.63940476
3954,413755716.05
3955,29421898.698352206
3956,111904574.31294116
3957,25898506.20501001
3958,5242952.728204915
3959,16968740.92235375
3960,4068131.7999520954
3961,61413849.243385985
3962,4198432.054211176
3963,31513228.013265844
3964,809766554.78
3965,126256841.48614286
3966,56681380.616749704
3967,361614034.23
3968,46077096.3079962
3969,8467646.476636752
3970,39464200.44390933
3971,18376292.66780991
3972,19531251.41267667
3973,74064833.2751587
3974,8330886.214957068
3975,146777000.36
3976,83038643.32658333
3977,101559890.51088278
3978,162260840.00666666
3979,16383854.315134065
3980,5191672.75695081
3981,7232844.810772726
3982,13934303.475636458
3983,27628943.353129588
3984,194775532.43970588
3985,7629179.604072188
3986,780437626.24
3987,36389162.60285714
3988,15486704.525501236
3989,30645859.39650631
3990,54401785.61497797
3991,5002931.955438356
3992,3999854.655908041
3993,16718030.340786893
3994,69050192.53829783
3995,53292775.33386616
3996,58758915.20470238
3997,20761484.843836173
3998,136459569.7350376
3999,29097574.288808893
4000,55844015.77673334
4001,21648214.948678017
4002,214836305.35972223
4003,12736059.111545997
4004,63118836.04103831
4005,7335256.656172153
4006,60103009.67838153
4007,2241712.726285148
4008,14119131.414367605
4009,16685522.48039077
4010,7222742.919846799
4011,16676550.169664977
4012,183351960.44
4013,92724511.78167832
4014,7697590.113075015
4015,81433409.96593255
4016,43931910.57532885
4017,17297673.76157869
4018,79730045.75006738
4019,331077370.34
4020,20896750.787660092
4021,128914943.07721213
4022,22625129.83287195
4023,238711013.14
4024,57275741.172654025
4025,2184813.5627204804
4026,84028298.9338997
4027,89340502.98576048
4028,3947518.296361304
4029,694383.2783134707
4030,38272316.007234156
4031,98793328.6025
4032,7502074.937928106
4033,6726716.754832722
4034,10001069.362305844
4035,98906137.95014273
4036,2881396.6782327853
4037,40492346.41887262
4038,11071771.53578464
4039,30358989.42006845
4040,10770242.383542461
4041,5734244.804710561
4042,61556000.50074363
4043,10330335.86429324
4044,80794090.64574291
4045,127285975.96198572
4046,18957964.880948815
4047,561713834.43
4048,26389769.57981524
4049,936342.1270298655
4050,7032247.524011464
4051,502744933.7
4052,37695986.04088614
4053,7219924.133296582
4054,5821163.36881687
4055,30098956.62039216
4056,24768117.762551427
4057,1982334.7081164706
4058,46776800.44353457
4059,6519366.7929548295
4060,83047777.62036291
4061,136509957.31857145
4062,38537699.5264
4063,16902811.45768459
4064,580331314.84
4065,128594238.10642856
4066,13234874.109874053
4067,29738036.487556525
4068,18777821.31971025
4069,16647081.930098306
4070,43578795.9922975
4071,36022649.36122151
4072,25896525.897804443
4073,189833870.71300003
4074,13132199.003353309
4075,31339534.859985944
4076,57835909.79170868
4077,319894977.04
4078,7247965.740095767
4079,102387750.5475199
4080,6124119.747563362
4081,21463874.37855564
4082,170160803.5325
4083,100892032.67487639
4084,2102380.2276129564
4085,40371365.42377607
4086,225999360.08
4087,10304315.320019687
4088,50791230.40225635
4089,32466516.2375499
4090,5934224.117346955
4091,104005261.43068239
4092,52815884.69964286
4093,39325738.614491954
4094,20368744.50188783
4095,243711058.53
4096,20197204.8808067
4097,75033803.23088577
4098,19096122.682228602
4099,19322166.809523653
4100,132052115.17714284
4101,42079293.79996262
4102,11530535.08286896
4103,72111478.63841209
4104,19769265.489907507
4105,2414899.0639958982
4106,8235222.823864552
4107,1431628.5559316361
4108,52293022.55653334
4109,1149914.1587398285
4110,31444982.44873246
4111,10073819.824773442
4112,37891934.456668586
4113,6758557.0420140745
4114,298271748.45
4115,7013569.528075505
4116,38709681.552083336
4117,13580738.153230445
4118,47652965.85538391
4119,57189106.99
4120,5482896.864658704
4121,8031407.274609319
4122,161874957.0
4123,14620836.668419704
4124,97823937.74666665
4125,45198924.717759006
4126,17017635.28122222
4127,5967140.662388444
4128,20129602.91405616
4129,11380789.082768826
4130,12324953.879637158
4131,141761039.98
4132,148515723.9541824
4133,59712820.873981275
4134,15069300.308600076
4135,14956171.383866666
4136,601833827.79
4137,7583306.558289436
4138,53108589.026024885
4139,30660975.493333336
4140,11938870.275014972
4141,20958743.048069175
4142,52879456.07161112
4143,84338543.99066667
4144,7132694.326839297
4145,35584559.08288172
4146,17598078.67272933
4147,1752027.8572379414
4148,64004775.710978635
4149,7338134.99963146
4150,2092822.1125980245
4151,3294811.0663864478
4152,63915401.92063162
4153,54583577.96722699
4154,2596897.107416039
4155,26856571.085804723
4156,9773125.821059415
4157,7034220.025936187
4158,20747895.430833332
4159,109939313.39163159
4160,416574240.2
4161,27594841.481352385
4162,36172850.57269898
4163,149727018.00166667
4164,28335089.67361745
4165,14037036.28921684
4166,5370996.8497235365
4167,184801619.79
4168,15334716.654341169
4169,6516691.468317595
4170,26338485.02482202
4171,245602563.9
4172,105626587.72680113
4173,31493912.03699389
4174,9500330.951798357
4175,10431272.257514268
4176,24903820.431110047
4177,4941030.897911559
4178,482043774.84
4179,15495538.83313615
4180,117274209.41
4181,37964966.66870242
4182,10008527.163512317
4183,100407858.18357143
4184,26315876.945672426
4185,9357410.644832073
4186,26283977.368535098
4187,20260954.415069103
4188,15924733.929246321
4189,5210576.343175822
4190,1739888.235008092
4191,5225447.264412167
4192,960168.6141671037
4193,323395036.0
4194,133796154.59884167
4195,23278981.459601175
4196,12115263.068792028
4197,39267101.92993055
4198,2346048.625102715
4199,24651612.26133333
4200,88362142.07230702
4201,76762263.90044315
4202,104986468.92
4203,18621778.188964516
4204,68218659.74644795
4205,7162045.27352006
4206,48609476.39901188
4207,411878602.55
4208,596837907.66
4209,97688667.01666798
4210,103139862.00403923
4211,66651726.07965034
4212,382052628.57
4213,15232186.102587245
4214,33266559.195916027
4215,7487835.024636779
4216,4957752.45768413
4217,14033239.9339718
4218,69799388.99190909
4219,16280836.353457019
4220,42216810.943652
4221,4033000.5956998337
4222,14786840.688518148
4223,106199404.95909522
4224,16067799.335809892
4225,46206152.18659758
4226,38817070.88456536
4227,34940897.92871212
4228,945145.406367014
4229,120907368.35
4230,46045688.42054509
4231,26507733.58151305
4232,38150946.21095578
4233,89906386.24468571
4234,52114848.90670804
4235,25171236.931481436
4236,10061131.48399542
4237,18249171.074979797
4238,53451680.20543738
4239,224249552.69
4240,315588783.74
4241,240813348.87666664
4242,42349893.03559524
4243,3611607.73866824
4244,54238603.81187357
4245,9290047.929487335
4246,8649507.987068431
4247,46151357.23310551
4248,28951185.949699488
4249,35190133.741636366
4250,46006946.31470313
4251,10125466.115949845
4252,132360598.59256302
4253,85353244.64115912
4254,106105433.43620989
4255,46371959.30903453
4256,287258612.43
4257,164406914.76
4258,46729359.625
4259,3370175.441542756
4260,192347236.15
4261,16450522.820521165
4262,11992531.269868584
4263,5347155.726469131
4264,355620013.85
4265,19952634.85256867
4266,7698402.197866797
4267,23970583.495576635
4268,25936544.36284813
4269,12897157.95930023
4270,492509077.6
4271,43686883.888000004
4272,1455574.6891993945
4273,31054030.615687445
4274,75179071.72406273
4275,8853846.411499938
4276,25512535.178243376
4277,83241610.28549999
4278,27162992.404119067
4279,104895235.93641724
4280,1461582.8163789157
4281,4103364.1913175667
4282,56008268.63466991
4283,1060871.9498336583
4284,11576459.754817467
4285,8315322.070318324
4286,421466833.19
4287,35671420.38517591
4288,59779895.441313334
4289,109989678.24299999
4290,77452100.83953954
4291,13363301.542487312
4292,6889285.9393054005
4293,66896542.388792366
4294,126814054.56043477
4295,155372300.935
4296,78197426.75567389
4297,66419157.41918367
4298,2993254.498244705
4299,8962125.59325059
4300,72328099.84935687
4301,15879863.919033332
4302,16440086.772925114
4303,52660933.475194685
4304,26751037.970925387
4305,66031083.81654817
4306,41203312.93169453
4307,994529.3252833415
4308,2294185.8859668504
4309,43249045.55653854
4310,5022505.022760471
4311,2132444.367689787
4312,82973900.80288889
4313,286985782.56
4314,17760819.189515967
4315,262942560.17200002
4316,315410530.07
4317,11411549.704758115
4318,51015495.39253752
4319,810183.2158983407
4320,22080195.78868942
4321,81741265.04652381
4322,25189349.06671231
4323,17477513.953568347
4324,10918899.145213347
4325,4785344.0581282275
4326,23593094.86897697
4327,67215323.85145769
4328,26741793.6659133
4329,2529602.857245359
4330,807389041.31
4331,42965598.13724342
4332,96820977.12563637
4333,4895249.532740203
4334,76640729.60474852
4335,86774952.09666666
4336,63528080.53150534
4337,670974.4759366085
4338,211074454.33
4339,111388909.99334127
4340,15177222.4722971
4341,28421779.398661766
4342,32296430.481891543
4343,26817256.694960788
4344,3935286.6954197646
4345,18109326.541868936
4346,68870756.10672857
4347,105982331.40291046
4348,3941544.6994366013
4349,188773876.2625
4350,13700956.868565233
4351,215536249.683
4352,1229067.0119667414
4353,192881966.56734905
4354,36814670.40992804
4355,27563329.671865664
4356,18858599.376392134
4357,105410330.035
4358,26722510.81530164
4359,103007599.35
4360,63572219.36911753
4361,105357254.4397059
4362,6303007.270099333
4363,112392007.58638889
4364,88062361.93882336
4365,4077378.033367706
4366,66110472.08668745
4367,44418770.27428259
4368,86666834.01046878
4369,28466324.351934467
4370,125788027.41333334
4371,102784170.52192776
4372,46272134.52018716
4373,14240346.264963573
4374,49586292.42380014
4375,5205869.20361063
4376,713648.1871153477
4377,14514146.373035155
4378,80027601.05084848
4379,126140146.15197368
4380,73321706.0486533
4381,102076809.78818308
4382,459342283.43
4383,247913225.64
4384,49184673.86096536
4385,3646830.6728086276
4386,171568640.19
4387,97623288.72416668
4388,71008065.72358282
4389,242635213.21
4390,9624869.00054071
4391,1579589.0036323546
4392,112868574.4975
4393,112284708.57666665
4394,46331902.891055405
4395,10045728.277669715
4396,88357046.61637148
4397,45562639.49397877
4398,177461331.52
4399,7415677.531335038
4400,13197792.83136979
4401,35818127.49069417
4402,44426380.70572508
4403,35454211.94320181
4404,104841909.94064529
4405,31870314.453981683
4406,2608021.664609565
4407,4853342.059393939
4408,12112502.998565411
4409,4889837.811694462
4410,11704774.951325338
4411,13871049.470695967
4412,81597822.80720589
4413,100839846.4
4414,2679547.141325232
4415,23371401.68563637
4416,8387117.828527258
4417,281789124.1
4418,2517454.5578976185
4419,46695986.38030303
4420,519754308.07
4421,3982137.653955872
4422,7656643.396996646
4423,10385387.597087316
4424,5125178.889571199
4425,30317508.84928492
4426,101686379.95917629
4427,97023063.22285257
4428,7407174.682883582
4429,3971214.8963011676
4430,4962795.180210888
4431,13667846.404131994
4432,174424031.58
4433,316417640.11
4434,430479778.03
4435,19342689.259888906
4436,85950260.9694458
4437,3408880.1755759823
4438,2223598.919746212
4439,15995099.135440338
4440,6537033.145996353
4441,48344649.2979847
4442,11297874.01680479
4443,7623853.714576867
4444,9959846.407162925
4445,16057124.480392158
4446,7347203.473219688
4447,110667711.67666666
4448,44196468.514679775
4449,6228466.566893596
4450,195323988.3325
4451,559254976.14
4452,25605833.75439925
4453,16655977.071149385
4454,3437163.0184281375
4455,13113776.731599592
4456,97517637.06666668
4457,6659555.0879584905
4458,16460509.939845836
4459,48150140.41989286
4460,19118974.845075633
4461,131772014.91042858
4462,98599238.33734709
4463,8757390.740993015
4464,65003984.333788745
4465,14904648.056949472
4466,2828415.8790676934
4467,31817262.632059984
4468,3359907.661388934
4469,60324636.255443566
4470,32356916.754036617
4471,792214.0194400976
4472,127137552.57166666
4473,16826085.316085566
4474,18386349.23400904
4475,6732657.369800794
4476,2031393.7817336458
4477,67547066.96618012
4478,10221195.823380293
4479,5197463.860738467
4480,101350312.66073158
4481,13390569.148535999
4482,46808063.87715834
4483,6160723.3532225415
4484,11383765.12586367
4485,44666619.950001985
4486,59353551.461716935
4487,15512539.411081098
4488,69721076.4269786
4489,39128198.380701095
4490,2232512.628801886
4491,164621137.6570873
4492,13859777.187767318
4493,13974267.356521524
4494,53135547.76333334
4495,23807683.4549276
4496,63681120.41000001
4497,14977739.757683458
4498,38178823.77342544
4499,2341685.172753049
4500,222657630.11833337
4501,100736996.80357143
4502,19048535.94161564
4503,390344611.66
4504,6230263.427650434
4505,12758606.745384676
4506,113959673.10949999
4507,2918534.108137292
4508,6871609.427492363
4509,3418777.131720502
4510,14911335.53197807
4511,177052149.92900002
4512,649110.2429458811
4513,62450542.97757576
4514,12820763.678537108
4515,299592124.87
4516,18668866.032642815
4517,12287205.659577457
4518,231591636.19
4519,177858983.68066666
4520,16360158.638828881
4521,32388520.40041809
4522,55027639.37738002
4523,32413298.717588767
4524,8907665.645476948
4525,13497513.607943365
4526,10264965.695007952
4527,57427772.82165656
4528,10659222.407530539
4529,7687984.1442510495
4530,16237616.079692163
4531,9335668.63826399
4532,26942991.573864475
4533,82661150.02327286
4534,7426311.750979836
4535,103106533.92866665
4536,20353750.846930772
4537,29179440.02546055
4538,35176262.85651686
4539,2262123.867140247
4540,149186140.945
4541,16017078.32848356
4542,72774579.01744871
4543,100492762.75089535
4544,9034869.79752255
4545,4065711.913578861
4546,1643366.3901036694
4547,4478178.296419318
4548,26211339.491811566
4549,1261843.1218033414
4550,24963638.5491039
4551,810221890.96
4552,168928166.71
4553,29241865.53891026
4554,433193440.58
4555,6856484.04447509
4556,58059245.70249434
4557,30054908.078913573
4558,19018425.216007978
4559,64625998.861639425
4560,142193493.29133332
4561,47451431.800065555
4562,3729112.705418318
4563,308899716.39
4564,2599128.4360756106
4565,2178177.8674193113
4566,62273439.61555693
4567,60982921.59057141
4568,7613299.995757349
4569,24007909.509058446
4570,15122498.797113774
4571,11525418.18684894
4572,37671194.81088019
4573,60722881.77641343
4574,2185375.4264029837
4575,4468401.990937994
4576,30443871.966554865
4577,15619575.456913386
4578,40314683.826448016
4579,13144453.571272485
4580,67856990.65660101
4581,11308361.409488088
4582,80135109.33234343
4583,243043728.31
4584,29901614.388206787
4585,130519399.25377777
4586,16185121.000482932
4587,10403766.351716172
4588,172519984.73
4589,4932002.843959999
4590,1016479159.1
4591,69998471.56813407
4592,4612742.46359348
4593,2402163.207194023
4594,34342210.36920776
4595,421532350.69
4596,447312194.3
4597,15034707.402496058
4598,176504258.622
4599,8440882.103232253
4600,7703892.637775488
4601,53840742.93355556
4602,19967753.126231693
4603,27498069.50510337
4604,40753190.855238624
4605,270913004.31
4606,160291349.54
4607,41052779.47739444
4608,19892414.957267262
4609,42702135.80580661
4610,164422911.25
4611,88726241.31958137
4612,31693944.022121374
4613,37242368.54129198
4614,24121508.65341023
4615,17668603.78407771
4616,2046171.4695028854
4617,104155103.83183903
4618,3788426.7997347303
4619,11780167.869620042
4620,6560491.91967302
4621,257192361.41
4622,41194553.12548326
4623,64253564.18268242
4624,5331619.291259015
4625,25276253.199558396
4626,35615202.67411201
4627,24094195.3775766
4628,36013330.347125195
4629,3396743.094190894
4630,24523000.85924992
4631,18207513.814649712
4632,6649330.154628027
4633,11192082.169900503
4634,2273580.0437817685
4635,3096740.4622887974
4636,129018500.31242424
4637,4287004.366258979
4638,19167244.66301048
4639,3101833.578006199
4640,65090655.22709264
4641,13395358.05977778
4642,15430442.977353659
4643,90424206.99
4644,5546737.774062139
4645,12188013.586057251
4646,823019502.29
4647,6844737.70589436
4648,16732739.44945628
4649,118947328.12227271
4650,118806121.84888889
4651,52856519.217548855
4652,452075201.29
4653,1139336.7830687088
4654,91434391.33818239
4655,77018836.36630213
4656,10659034.326439627
4657,40958397.79112101
4658,53291923.89905555
4659,6930884.92715555
4660,7003976.845429182
4661,53704991.45622403
4662,18368060.49066476
4663,27002637.636913575
4664,8433141.867228067
4665,38616216.41625479
4666,49975373.84491147
4667,310447161.41
4668,9868899.001554368
4669,18393235.45479488
4670,63530515.05487313
4671,36225911.472790875
4672,1729728.2372492426
4673,13095673.703459993
4674,4884202.462026987
4675,12240164.072486501
4676,13314792.673783848
4677,3892907.0612534024
4678,30232006.86215355
4679,11216343.2435765
4680,7169526.826315492
4681,32073583.81609028
4682,20218572.08397436
4683,7662152.458263224
4684,5366357.025997314
4685,54612469.46610349
4686,5050099.476713683
4687,16386564.272092396
4688,111358863.0425
4689,7241923.921411899
4690,21611443.87783163
4691,30279041.70286524
4692,29629416.99644619
4693,16273026.802652178
4694,15241337.364980891
4695,37553305.22108875
4696,48237882.57504164
4697,105317323.56444445
4698,8479349.381167691
4699,16484063.478416823
4700,151433375.65
4701,182948191.79066667
4702,14703728.363958528
4703,15512763.659866944
4704,87755576.62305555
4705,72616863.03846031
4706,83478404.15313478
4707,11880329.539812954
4708,35750753.423768006
4709,1883701.2767679137
4710,293541664.51
4711,36898206.652718894
4712,1838932.9699353962
4713,298403092.29
4714,11895720.076439653
4715,875327.2831823971
4716,3685168.12235416
4717,38450679.82282218
4718,32782076.47480782
4719,125470002.49833332
4720,16859648.68692318
4721,22887955.14381072
4722,56596928.3069391
4723,7312785.900427997
4724,180097980.5125
4725,17144582.70104159
4726,6809792.871890114
4727,26963732.715216808
4728,44452019.99943433
4729,84587923.03340288
4730,1471086.0411409563
4731,63814783.19051489
4732,446438789.29
4733,2091942.5633220384
4734,267976709.09
4735,56042330.34547912
4736,39049390.552138545
4737,55417069.09494444
4738,4313510.608149228
4739,103522694.35083334
4740,496530312.56
4741,1846104.3467161527
4742,153416573.94
4743,2280506.3432976725
4744,6198660.568200724
4745,427253561.7
4746,35883047.83340562
4747,27334517.194691367
4748,95606571.87666668
4749,12278586.393897058
4750,5659797.067487177
4751,109138366.5712099
4752,6949179.544016191
4753,29415924.990242127
4754,727007153.35
4755,26340306.64742197
4756,82732301.55587023
4757,160123320.95666665
4758,106526071.69300622
4759,331146723.1
4760,2540361.0039225128
4761,38817778.43983113
4762,10056532.715148123
4763,4360919.594503874
4764,426607056.86
4765,22567678.407584213
4766,105973040.055
4767,43249821.49850733
4768,101079970.55333333
4769,57747443.34775112
4770,75892098.12537356
4771,206148559.585
4772,20803359.66586606
4773,27931554.336547624
4774,20603121.92546838
4775,5477668.273697639
4776,5421243.228745736
4777,244271433.17
4778,62290122.83096834
4779,28220096.393282972
4780,192304804.92666665
4781,1125303.6948250646
4782,32082161.388218254
4783,12788975.631830906
4784,18379094.75286533
4785,47671270.63506821
4786,81697338.7254821
4787,78926249.02005224
4788,110419046.73828572
4789,9780286.565449925
4790,81135122.84653848
4791,22700383.660318445
4792,12730718.691125365
4793,64066202.693166666
4794,21510176.177711584
4795,14991461.524222028
4796,14446533.30509331
4797,731822840.12
4798,115303187.3415909
4799,32970230.21161617
4800,45771070.11179416
4801,1671696.5524026675
4802,66166779.349161185
4803,9561331.259813622
4804,13191810.364483528
4805,1064271.3516579273
4806,9246325.391935663
4807,8116770.204579766
4808,19168374.536295824
4809,148843644.973
4810,732802.1363547677
4811,13408227.38845268
4812,128172570.86666667
4813,93146147.93666667
4814,12063692.771543842
4815,45662283.42137855
4816,32219493.26901956
4817,14676725.849534325
4818,42583710.85
4819,17883415.66509235
4820,48356567.65911111
4821,1754943.393785146
4822,12836990.953779984
4823,23884389.224294525
4824,61493100.66507649
4825,63969635.56570933
4826,41531981.576095045
4827,71071745.59967132
4828,21591552.882401075
4829,45887377.06868321
4830,41756237.448639065
4831,60262006.693888895
4832,18435610.653114866
4833,22934205.71254102
4834,24291211.553915307
4835,84504868.50142856
4836,4710929.2595582185
4837,219274420.76
4838,53644078.10641275
4839,1835464.0165576327
4840,460912408.07
4841,725603.274465226
4842,95206607.52347401
4843,122853269.3334
4844,2686650.2349134926
4845,38411455.49984428
4846,10327918.825914295
4847,448416987.68
4848,55429593.18108798
4849,283861083.29
4850,36344332.92668151
4851,1885225.2601855884
4852,33996882.726257555
4853,115794388.5387069
4854,27558736.59701407
4855,73721228.15847619
4856,13654739.042911075
4857,62307763.66982838
4858,34151821.67360714
4859,6535594.682051696
4860,355666345.21
4861,189379324.74333337
4862,167028542.48
4863,192894043.9148333
4864,107801493.30883333
4865,40127797.08386178
4866,24728588.283072222
4867,137625989.02084905
4868,16563105.421231221
4869,5164763.298652347
4870,38231514.42348853
4871,23426485.844725955
4872,8697318.322872918
4873,13806326.214956414
4874,120258666.02055556
4875,45355892.447639905
4876,62589927.148
4877,55578576.97259578
4878,21671420.55915514
4879,61736058.0134591
4880,20444895.12559864
4881,7477522.355186289
4882,14565134.082261903
4883,83549034.64129364
4884,146605869.02571428
4885,15480000.944418568
4886,46213214.18357607
4887,6011941.486153266
4888,4910172.702827119
4889,3992304.8357723593
4890,256999008.56
4891,6844119.952244134
4892,7680513.733306392
4893,105050515.9540765
4894,13656667.252217209
4895,8296640.989418731
4896,124288844.282
4897,8200904.6919321045
4898,118993178.74398842
4899,125731425.34666666
4900,270736805.69
4901,39003224.742328905
4902,4473434.913269665
4903,8857801.464080144
4904,229595996.035
4905,37758712.208018444
4906,674361.6837476066
4907,857759775.16
4908,63954576.58000218
4909,75291354.54048334
4910,41463850.51376306
4911,18313771.34003535
4912,93360270.46078947
4913,34489683.63579261
4914,71562518.90052575
4915,109073945.5180397
4916,42263078.30445354
4917,14251886.196495302
4918,158117726.515
4919,39557875.74807206
4920,40568646.58975839
4921,106828599.63442858
4922,25175009.021144215
4923,11709424.25281255
4924,135426941.13125
4925,148121193.03
4926,1329832.9868840808
4927,22456133.018709183
4928,29690465.9341392
4929,40181021.56351293
4930,24588857.526337817
4931,17044681.779106397
4932,2456916.810805531
4933,122377612.19490986
4934,11512758.235389166
4935,605637102.1
4936,10976610.07107418
4937,2719243.9710002984
4938,28933818.026630953
4939,1824492.9628344357
4940,15662142.217437746
4941,81150884.5565
4942,4160795.3843280496
4943,108649267.59558515
4944,62645229.62779957
4945,9608449.513684466
4946,3189172.366976811
4947,2911375.4482385265
4948,7898928.52178378
4949,48842414.27164698
4950,77486331.06847663
4951,49790144.631777786
4952,39531182.407342985
4953,102321082.6945614
4954,55036975.22481754
4955,3478750.176143791
4956,9156898.938136615
4957,73336758.66687387
4958,19208602.75371826
4959,37979106.18589285
4960,10371896.819163585
4961,145485470.86267677
4962,12044862.289754696
4963,109743604.88
4964,44007544.003630266
4965,8903843.534381745
4966,24418895.75346781
4967,62224313.652175896
4968,23630521.87417749
4969,724824.4988338887
4970,1868378.6764244998
4971,108890379.35110714
4972,12153555.879565999
4973,14150457.375691688
4974,96332990.04151963
4975,11626601.679283295
4976,1407434.1016489281
4977,99074741.19282466
4978,10941809.490764666
4979,21736553.867407966
4980,78222922.5698524
4981,20950165.932917956
4982,105098881.89154762
4983,6311418.140008804
4984,151102329.43
4985,371480043.86
4986,3478663.659114452
4987,5894560.640794754
4988,4267764.511609266
4989,51609017.03363554
4990,4288571.033754127
4991,14589619.672929714
4992,214934006.52
4993,22825973.36671487
4994,82704974.73045239
4995,2487177.5181062324
4996,39312052.99406289
4997,73648049.32674992
4998,15893601.903772525
4999,82049931.19942994
5000,170977740.44
5001,348703715.09
5002,215401324.9125
5003,100191930.64888889
5004,23319158.353577137
5005,39169397.413512416
5006,333339190.82
5007,52078476.594787695
5008,334270378.78
5009,45786174.44181905
5010,6357470.7729119435
5011,29123048.661351252
5012,61736095.25
5013,41589517.70245238
5014,69301335.37722921
5015,26526507.321582176
5016,160447581.571
5017,12974346.36993683
5018,68372392.70282143
5019,82776843.99320881
5020,12733697.40800757
5021,7677765.272409699
5022,44040171.462586634
5023,15578380.542612376
5024,129091262.22383335
5025,3060383.5311282636
5026,168200483.61
5027,25427460.214
5028,113011928.12727296
5029,106307568.47
5030,30399557.280639563
5031,5733580.961873885
5032,126237528.14
5033,11965660.338678993
5034,9583791.451081708
5035,3441794.5243544583
5036,35056093.74929133
5037,38962549.043467514
5038,354071174.36
5039,13530642.070664464
5040,57740207.67332519
5041,32320586.099771477
5042,35584888.47573828
5043,49721934.680609725
5044,372010561.95
5045,38178859.69407468
5046,7946687.563757197
5047,21828565.10509986
5048,3817606.89277031
5049,113929768.25857142
5050,1939788.566668185
5051,292904748.49
5052,141879176.936
5053,22876180.79326786
5054,34982617.22467532
5055,21276098.058060747
5056,14703845.577285223
5057,47019322.18019204
5058,41940715.413555555
5059,20999097.458163437
5060,111788055.36901574
5061,55479787.65176752
5062,2173940.032727007
5063,1221135.5659465808
5064,70285128.51227619
5065,7140428.315141469
5066,21480877.777054835
5067,26035312.69682273
5068,16460309.592941402
5069,106703888.49900001
5070,68694647.83018503
5071,124167933.79366669
5072,124307098.31777763
5073,18218530.250486813
5074,5925887.322567699
5075,14349518.733147854
5076,34154752.07901999
5077,137890571.412
5078,9526379.247385738
5079,7454983.931098703
5080,101791136.62056333
5081,88703921.371
5082,24191965.059502568
5083,18016174.32081766
5084,12931155.05638013
5085,1848161.4360979444
5086,17622498.479308754
5087,15982163.155239861
5088,5091118.890757954
5089,9403306.467609352
5090,31658614.11373183
5091,37710591.435460925
5092,29532066.999270007
5093,64608139.516799994
5094,93784985.61505556
5095,105248261.54
5096,46557694.40810689
5097,1051675.3731715032
5098,5771390.124657077
5099,8607467.693961719
5100,8617276.899868201
5101,6818555.148456596
5102,27354726.57989423
5103,2944065.5335733313
5104,47040865.44194445
5105,5760203.082983638
5106,6317701.474634698
5107,22855352.38763814
5108,44048380.46471429
5109,857680.4001477994
5110,57561814.045688316
5111,73777872.37896025
5112,18750501.44535082
5113,1083556.7677935981
5114,19430826.513714045
5115,9791463.401719743
5116,13609817.346093424
5117,350287950.49
5118,31302331.499818183
5119,2464148.3988128905
5120,1275424.0331038102
5121,82288970.67733333
5122,39174383.96089928
5123,24716084.858874593
5124,10430053.906195108
5125,47606992.8272653
5126,33379818.06542908
5127,86694891.9436076
5128,1171087.6013653423
5129,6962194.23609733
5130,31636553.669523813
5131,61972771.29302879
5132,60524937.6149246
5133,177817473.05620688
5134,158893728.20704547
5135,168730851.29
5136,4913662.1758769285
5137,76589514.07743183
5138,28648036.97675
5139,147111652.61
5140,149156055.88245612
5141,42017889.369444445
5142,196215884.26
5143,105338648.585
5144,99567636.1425671
5145,51692497.70738095
5146,23008665.556923077
5147,17565530.856328525
5148,43935662.84149501
5149,5605945.7080267
5150,442243351.36
5151,330608667.1
5152,85658541.62814286
5153,7481792.057726745
5154,36969937.20517624
5155,3293386.2323073684
5156,648391966.7
5157,13099354.785963086
5158,6242125.865089498
5159,94410735.35533334
5160,22245016.740006015
5161,36469635.05231009
5162,76708660.42005865
5163,185526718.27333337
5164,4034487.7985555525
5165,92985486.60110256
5166,145544646.4563889
5167,15942328.05783151
5168,6996104.504161943
5169,18594332.878747653
5170,67207319.28610119
5171,132010518.4
5172,11104184.73425039
5173,82777676.79162139
5174,95209755.2933043
5175,8940302.87402029
5176,9968172.504254857
5177,281230924.69
5178,671880149.61
5179,1207518.6319188797
5180,26972721.934455935
5181,1688510.2323480076
5182,58862887.594166666
5183,5413207.4394006785
5184,39893643.3459381
5185,8942386.695365947
5186,14242546.16992369
5187,3939939.297606632
5188,10981267.662386872
5189,30126667.027856044
5190,462941138.84
5191,73423414.34427083
5192,126400115.484
5193,117590080.1726923
5194,55151260.347404756
5195,204702520.72333336
5196,47174101.71051883
5197,94018234.68095799
5198,80683236.96876767
5199,16124798.714966228
5200,10994934.364081122
5201,25776169.11945178
5202,9178991.185375653
5203,16798320.980005678
5204,1502815.7911031425
5205,9558592.026501501
5206,22234595.960759558
5207,6471454.189316262
5208,55853332.95987592
5209,66756963.180304766
5210,27745336.58292638
5211,16821230.615046497
5212,17155018.049231634
5213,77504262.05013889
5214,1053984.322025539
5215,24160699.037202597
5216,56280017.878464565
5217,5826360.69581005
5218,20119739.513461415
5219,82508886.06812407
5220,88581486.41228211
5221,2595699.117106336
5222,8809144.748010509
5223,225404338.65
5224,619117.7905267255
5225,1520813.1012773511
5226,57616140.92094544
5227,2713550.3834535913
5228,27874267.386945724
5229,164624837.7476923
5230,15937043.72400047
5231,18794881.863853008
5232,3495418.6019657995
5233,6910356.163774485
5234,90264971.74903297
5235,47786378.44823344
5236,150611102.71
5237,177832193.15
5238,13445215.964384051
5239,87976581.88200001
5240,112161103.3388889
5241,69849271.03636116
5242,42536326.10591402
5243,2469742.295631637
5244,94535922.41916665
5245,4975523.975080433
5246,44391068.52921371
5247,62646230.46690059
5248,1752874.3734296858
5249,65957998.1859149
5250,229579055.19
5251,23516400.29007288
5252,1846119.7109364215
5253,9741166.070292914
5254,6217558.437691901
5255,123564699.94041668
5256,42991193.35600035
5257,7340065.920755629
5258,20606920.45326663
5259,94115397.92003922
5260,15977537.790020159
5261,40490941.82395783
5262,14704588.175466165
5263,33670730.7923044
5264,6822375.935554218
5265,52268045.506422766
5266,38226844.89792696
5267,3316249.422868476
5268,8875562.985406486
5269,110000561.21261674
5270,71188067.97112495
5271,22870974.61427702
5272,103136286.53028384
5273,1689548.0860445092
5274,64212091.90630953
5275,26977051.43782859
5276,27810240.75426476
5277,4725532.556092468
5278,21469518.772516236
5279,12095631.232757613
5280,14675912.04536098
5281,16230473.30483193
5282,63726878.19923077
5283,3997343.587673242
5284,14046492.105925338
5285,120542982.48799999
5286,22824351.40057295
5287,10590852.970925096
5288,7077628.665612127
5289,133967902.79158537
5290,128133758.2299287
5291,594670591.42
5292,192251567.67
5293,158985756.58833334
5294,1478336.6116710103
5295,610728521.74
5296,6241338.3528773
5297,122892201.32925
5298,87738478.73845237
5299,13731198.410264626
5300,25397964.39033297
5301,38321966.65262837
5302,58956862.423540905
5303,5401854.830113037
5304,19591495.96826965
5305,5585731.737239621
5306,91342642.08233334
5307,318292959.03
5308,971800.8371855775
5309,1881181.6141606802
5310,132415540.94971427
5311,14524068.01136683
5312,168382262.801
5313,603506726.49
5314,68460366.43739246
5315,3353420.5655518933
5316,24182027.80511763
5317,36369414.52587649
5318,8745849.607936898
5319,51430572.21950038
5320,48533640.809881985
5321,44812859.913613565
5322,1839264.3782482615
5323,173215953.12764704
5324,37528133.83149862
5325,12156710.82297115
5326,21329239.011070292
5327,107434754.17805384
5328,28939362.736530375
5329,5062477.30307601
5330,212375430.44
5331,10258922.345827606
5332,4281336.809110526
5333,50607683.22130953
5334,32502298.201986037
5335,16114262.014144845
5336,16232475.588281395
5337,5472602.501970049
5338,55652113.86967141
5339,19499662.408986595
5340,12497894.593735099
5341,142815244.0925
5342,224656743.58
5343,53129421.82452193
5344,127143301.61275382
5345,16964267.425034758
5346,140046207.2352381
5347,3580356.543243481
5348,16680104.119172936
5349,5306685.900359425
5350,4920543.971436217
5351,133500764.77533334
5352,18078261.059176866
5353,31446940.26651345
5354,106428443.65735042
5355,79361331.85442251
5356,36221986.59367228
5357,2513205.02193744
5358,102256945.03666666
5359,23076876.861874465
5360,128595574.99
5361,7977609.9550722595
5362,17740976.052240547
5363,39102861.59500818
5364,4812109.356977857
5365,89456099.08419754
5366,133722225.84
5367,110338635.19796367
5368,18687741.391124997
5369,518487352.73
5370,40932300.338
5371,62771052.16575326
5372,539549833.6
5373,55632196.66562767
5374,92893676.69977547
5375,127645318.60456142
5376,152087493.3076923
5377,33292329.624285713
5378,14748893.672254415
5379,39809156.20969724
5380,67606295.42287704
5381,119858287.65789475
5382,77431358.92709813
5383,1512983.27319906
5384,246823423.95
5385,108522572.48091097
5386,49210547.637456715
5387,11243863.130957417
5388,267617252.82
5389,27897445.922520895
5390,20431313.942266572
5391,78917016.07108492
5392,1469712.84869395
5393,7615426.747431413
5394,68688922.76561628
5395,34633810.15519535
5396,153898721.53857145
5397,5974607.764170956
5398,39332524.765
5399,1567993.3198038512
5400,15478011.75565835
5401,138411307.86385003
5402,53536957.38465702
5403,35220808.49071835
5404,2662614.5050277947
5405,89949095.15866667
5406,20164434.385363635
5407,240563283.82
5408,516693421.42
5409,170932647.12628788
5410,6346193.759377654
5411,28397777.723048788
5412,488307.47383296705
5413,2460837.651529066
5414,155989307.63
5415,87792060.231322
5416,27630069.272644605
5417,150302115.25
5418,2211232.8055200805
5419,4451484.621984777
5420,46206780.65265941
5421,94567119.77771154
5422,145476510.968
5423,328337327.35
5424,154682290.56666666
5425,44631243.21319661
5426,39744192.725555554
5427,2830462.8448598296
5428,25047018.09137992
5429,68140763.23554702
5430,154694500.84014705
5431,79592624.73482227
5432,130951853.61966667
5433,47153098.21833334
5434,61361658.616818406
5435,28634458.981829233
5436,24019914.85140181
5437,39728293.621508986
5438,22169202.432395663
5439,2695451.372220106
5440,102377968.46547619
5441,8151833.79506219
5442,177067031.82
5443,100610470.93659092
5444,63542429.40427125
5445,60532310.08792765
5446,127370433.91714285
5447,7440081.947589231
5448,20158909.832666665
5449,94814981.4151169
5450,26118785.15846982
5451,34983114.70392371
5452,10579695.348089736
5453,339185774.51
5454,88856125.95928572
5455,30508024.2095
5456,10737820.525482738
5457,37884447.861999996
5458,29478835.368170846
5459,12537662.450238304
5460,1712100.9632684558
5461,1436231.1180417114
5462,2872239.248487061
5463,656926224.95
5464,5107774.946833908
5465,63634815.88765866
5466,80827944.27334288
5467,63730481.47456893
5468,173146306.01
5469,1413370.0503204956
5470,312606662.19
5471,125741213.95877762
5472,83986203.45091589
5473,50297629.59631491
5474,26453649.212418504
5475,29069558.701636367
5476,12748009.199539116
5477,25097284.182304133
5478,72045686.54735714
5479,134777643.34722808
5480,29989661.223107845
5481,20525667.06177258
5482,61503227.05784596
5483,43242512.03221136
5484,136111878.23
5485,21369488.857173283
5486,53955776.13035889
5487,603645611.68
5488,57783053.71561978
5489,49593499.9
5490,9711326.318232266
5491,109486483.27008404
5492,26821606.743281506
5493,23594066.145397957
5494,1084467.2128504922
5495,24470898.522146367
5496,42532188.69047142
5497,39604010.08155759
5498,7192951.424497557
5499,90867362.689
5500,48490235.47750058
5501,3378442.0312831956
5502,9949854.343083011
5503,15280489.305682555
5504,41540731.620976
5505,13345598.072618034
5506,360796575.88
5507,47998471.543078326
5508,143296182.6322222
5509,162219608.95
5510,13901973.182511866
5511,12906661.009210877
5512,107280391.87782656
5513,4637982.711002544
5514,27287872.9072699
5515,8858810.146230228
5516,4925746.867091913
5517,317044787.06
5518,22509456.27429213
5519,195524126.19
5520,11867296.771180414
5521,34264509.808099896
5522,597003.5699368042
5523,382890961.97
5524,552529287.84
5525,82067024.86055556
5526,11635061.303017685
5527,15875225.924992204
5528,88834143.83666667
5529,1326415.4039063838
5530,316555779.37
5531,4650412.970446112
5532,42241362.03134656
5533,121716364.271
5534,366042520.24
5535,9048930.318709018
5536,3056493.249670124
5537,32514685.71121022
5538,42814116.85195907
5539,196934830.53
5540,47225152.20071707
5541,181412553.36
5542,2051179.511481653
5543,19688233.545104448
5544,96942676.16042423
5545,698430.7470712863
5546,17148185.993718214
5547,19327169.29401352
5548,19575423.018033247
5549,69300712.53247368
5550,41772211.53666666
5551,30280794.30721702
5552,89597737.41661717
5553,44029686.73686484
5554,17367591.861444198
5555,62558340.89811056
5556,14199356.757607915
5557,12571706.849060034
5558,569529206.63
5559,11286966.554410748
5560,8569921.801868802
5561,35931847.47332134
5562,80945124.32998136
5563,1232948.196301839
5564,2823091.3091760683
5565,92432143.76508333
5566,25282261.582902465
5567,26415067.393079642
5568,24748795.374332145
5569,63516363.84134288
5570,35043563.31824392
5571,183839113.72
5572,1474187.482776993
5573,109068006.275
5574,47154557.89055555
5575,214414512.74
5576,69167798.48686013
5577,35552735.18731234
5578,25977038.99088001
5579,16126720.807126094
5580,6722147.161339441
5581,44920150.864484854
5582,34494863.68905467
5583,58993958.59699531
5584,67498363.88997406
5585,18202090.417320088
5586,5282505.594527663
5587,56761616.37612915
5588,203174998.33
5589,103154476.22600801
5590,2924116.5002018977
5591,37367379.929473594
5592,14635337.402824158
5593,37669667.18274462
5594,7788373.901133419
5595,66374302.681915715
5596,153577231.75
5597,13300340.71695085
5598,26180894.515247602
5599,11358556.975937126
5600,16250347.267818425
5601,49175790.41188785
5602,107539567.52
5603,14677265.920572469
5604,38186671.49167892
5605,379570081.99
5606,118998812.76887356
5607,90390654.0680539
5608,106256387.39184906
5609,26916649.454072345
5610,34312116.58064581
5611,47932318.240742065
5612,468032744.86
5613,48853104.55728531
5614,21087363.408852145
5615,74386208.58849594
5616,30383086.01275908
5617,294872195.81
5618,51621936.16906956
5619,74533529.1049597
5620,16041527.293439712
5621,66763624.66067
5622,32199879.346998278
5623,28206254.696378283
5624,457714153.28
5625,2290412.541970433
5626,8105529.611039963
5627,104934573.12892674
5628,50170473.42135187
5629,278594331.61
5630,49158115.17117732
5631,76110201.96860714
5632,132478512.33
5633,32448802.912933435
5634,21769030.456543036
5635,84140785.49060546
5636,3163681.870054221
5637,25524698.36851689
5638,98241700.64690857
5639,10652661.963571716
5640,8566404.674491381
5641,78883863.10772063
5642,21596233.522059303
5643,7672523.299577278
5644,646270600.96
5645,154649919.75
5646,16461679.581489673
5647,18938355.783483654
5648,94444500.95180953
5649,2732724.588366858
5650,126342541.7663889
5651,43479976.91225876
5652,7585819.2444004575
5653,157572119.67539474
5654,70278551.90506998
5655,41730351.30026958
5656,721870562.06
5657,8489929.389324369
5658,23088278.99903315
5659,40466099.37068577
5660,107002733.57838094
5661,24100013.035946205
5662,326203955.01
5663,10319210.32501524
5664,12159656.794896489
5665,97340774.0122017
5666,27487648.247225273
5667,40732094.48961039
5668,6726755.126100526
5669,4516751.202948225
5670,708301823.12
5671,47816904.188884184
5672,16280856.727791753
5673,112509582.97886644
5674,19726596.321120255
5675,6583785.339051399
5676,1278311.4279824332
5677,122055251.63377273
5678,113394313.41866666
5679,3563971.5034270226
5680,43354302.5052337
5681,742467032.15
5682,5147763.6205624435
5683,446031676.27
5684,78955658.17645238
5685,51339091.025693454
5686,3632922.5553706754
5687,71163604.96825758
5688,36260693.34983265
5689,35096552.24478251
5690,20699668.90159571
5691,116445908.91209526
5692,378751409.57
5693,62106754.693306044
5694,89046177.13839287
5695,9073110.375742327
5696,40530276.15801918
5697,2607622.3207263504
5698,22344992.934499998
5699,14482597.752392516
5700,87153293.77954544
5701,36115225.740438946
5702,42508519.91909246
5703,63455289.61622377
5704,86897191.11571428
5705,20935032.575191382
5706,1454403.6384156877
5707,64299671.778000005
5708,11747612.96902329
5709,52301783.0147619
5710,5680992.822434654
5711,25527096.352085475
5712,139918706.134
5713,17071867.643235713
5714,31725208.87050876
5715,18048480.470464554
5716,1661197.5855864475
5717,25748075.825809523
5718,21442188.83751392
5719,47143498.88123292
5720,22716943.19421775
5721,93646411.49150619
5722,4285370.442913782
5723,110610987.20799999
5724,5741571.622164601
5725,3132121.3215516787
5726,75614390.80166668
5727,173505751.89
5728,18838110.988925744
5729,249843140.35333335
5730,11633215.1626181
5731,1235410.5182689799
5732,11647468.980768852
5733,5417590.803665154
5734,32590575.303876963
5735,5871886.124837336
5736,24671668.894150253
5737,71801773.52466667
5738,88494187.36114286
5739,31082878.137809742
5740,46968337.82604038
5741,103063007.13
5742,69214529.76157841
5743,49879215.64780389
5744,4541796.3241473995
5745,5789492.555641692
5746,48138766.13352327
5747,5616238.066163529
5748,71070773.02129406
5749,102874445.94867425
5750,87056531.01933335
5751,76846253.90314287
5752,6280633.335379121
5753,305213443.31
5754,24387129.92023079
5755,102519629.99367876
5756,26701246.316021726
5757,15027781.30967154
5758,1763602.8098335022
5759,29885692.80772581
5760,4967237.566138135
5761,4385018.495669011
5762,456351853.6
5763,138998964.46245238
5764,20443138.004632607
5765,62308015.87475902
5766,58992544.92347345
5767,33144581.503388733
5768,90513432.37437968
5769,485035526.96
5770,8497427.014306663
5771,22773363.290003926
5772,53763422.36399999
5773,402923236.11
5774,71402998.55430214
5775,75817855.90260385
5776,7850081.487586148
5777,205733069.43
5778,144530492.4625
5779,272671272.11
5780,6446177.86465113
5781,109911604.015
5782,90911201.36
5783,111468187.06740475
5784,11841522.083454618
5785,89036474.69851448
5786,30912418.35583333
5787,166550883.5275
5788,7853838.310111156
5789,60065666.972899236
5790,78221320.85219581
5791,136227235.99666667
5792,16538279.84813268
5793,59869950.4485695
5794,84969282.28564382
5795,102746930.7045
5796,47463194.65840351
5797,69299014.64001966
5798,3069496.112825387
5799,304807934.59
5800,1936402.2022013534
5801,20494270.351255413
5802,9707007.251090435
5803,11934009.678818615
5804,477491081.54
5805,8008284.697865434
5806,27740871.133647967
5807,77783114.02
5808,84095168.66597979
5809,49633387.035
5810,21259631.178786214
5811,6103701.355550716
5812,93696964.88970253
5813,145567323.17125
5814,15021085.151659489
5815,18990904.720057473
5816,8808741.611722408
5817,5264502.407227497
5818,6913335.264971652
5819,60487991.18932893
5820,23891851.179205623
5821,2847257.4409808014
5822,1801232.1757423258
5823,56295054.76066331
5824,52270289.90328193
5825,20895584.604262277
5826,16035136.846753018
5827,7005274.716238517
5828,355191476.19
5829,75807294.83291668
5830,22945710.970891226
5831,99252003.92877069
5832,52595701.43325886
5833,25802684.918189183
5834,52338703.99126883
5835,644918.3896457246
5836,95289586.54611903
5837,57593801.00387128
5838,2200295.599979095
5839,95046009.6175
5840,4738816.151159541
5841,92481144.30452381
5842,34453829.23673862
5843,36359781.5820089
5844,11184946.318608887
5845,16834629.694999207
5846,10140574.96514248
5847,84214356.77226245
5848,58960560.569922626
5849,17035317.68043969
5850,67510520.36796987
5851,17466867.917239666
5852,14013540.474560594
5853,37046856.636056915
5854,25892972.785302486
5855,122982383.017
5856,31865411.114598956
5857,704995405.79
5858,11524538.222181788
5859,49794881.9589813
5860,214998906.795
5861,3231764.5191144096
5862,42801337.11380411
5863,93709480.1575
5864,508058493.77
5865,24722806.792097438
5866,22392683.55501591
5867,22479243.08652413
5868,74009139.51773104
5869,62129167.49586957
5870,1836534.248547706
5871,79815993.9144744
5872,232045496.58
5873,83868802.34568827
5874,25735708.287313677
5875,54287578.79730556
5876,77927682.20831469
5877,21060021.901817814
5878,148006675.0525
5879,14527279.902097754
5880,121609437.38414288
5881,132010977.90727563
5882,404926892.37
5883,8813942.172111925
5884,63339221.13207346
5885,19683439.73711508
5886,39079562.596202105
5887,25755311.368060425
5888,20777644.958730157
5889,11054061.325102508
5890,73483909.77333333
5891,55125560.72
5892,20869888.090067565
5893,7008213.224992922
5894,109684911.11
5895,45267225.3650836
5896,96053721.42044818
5897,1133730.3412437942
5898,84951559.5032135
5899,5540504.354541145
5900,28887428.51876906
5901,560077.5437948857
5902,20311589.658367746
5903,79198538.86858332
5904,61334359.79894444
5905,54421044.108
5906,73677762.9513889
5907,6754737.608500252
5908,54795204.88093048
5909,42265526.56680426
5910,76965416.08815198
5911,9056315.041686554
5912,284966694.48
5913,56240377.14135406
5914,25238240.741875987
5915,14790114.305820296
5916,70176044.06464647
5917,186611279.9
5918,94960123.56145743
5919,59714449.97822222
5920,4762975.11587021
5921,35324988.985169195
5922,11319099.260338722
5923,14640299.65083242
5924,24256797.071266398
5925,392504834.68
5926,1666826.8797447344
5927,5601937.061010727
5928,73076838.88880953
5929,2951685.0133061707
5930,49383454.568401836
5931,94281261.36648068
5932,1976659.3149942139
5933,26163215.70199502
5934,112932229.58791317
5935,235803229.9
5936,106442057.17791668
5937,7006449.067424762
5938,15436718.747389702
5939,21370769.169824075
5940,109772565.28357144
5941,32303250.514166664
5942,93377572.7700476
5943,4576344.082121221
5944,44283799.563747
5945,10349334.661273673
5946,1706648.4244754908
5947,1689172.9178493884
5948,145227591.11666667
5949,8099108.475708424
5950,262792744.61
5951,56263681.65378958
5952,10669886.348672284
5953,136233948.96190476
5954,36842177.73853512
5955,52253467.615
5956,76064028.94813809
5957,75491885.8431746
5958,114217863.88955553
5959,13396143.657476036
5960,14633861.609663637
5961,5506236.875509259
5962,8301339.145743052
5963,30266754.531933747
5964,80109620.13461934
5965,58595856.89654762
5966,43004851.219843075
5967,490958218.39
5968,113325467.45
5969,58355862.1275752
5970,33483481.505685844
5971,10550315.484865293
5972,15211109.683517314
5973,95694063.62215233
5974,6092281.857538441
5975,21928547.276665382
5976,3016127.0665319203
5977,1910670.9322436568
5978,618924724.24
5979,9328446.198253479
5980,197122515.99
5981,6801535.205393368
5982,184657253.55
5983,5386676.438820421
5984,53772436.58955002
5985,143151252.301
5986,5974767.965126907
5987,9041328.16237668
5988,71272854.34973408
5989,2994489.19548568
5990,154656635.9325
5991,4599701.294764346
5992,45327170.84461932
5993,39593435.67981115
5994,2004043.3224474103
5995,26393518.935549263
5996,54789346.18941657
5997,30876069.449104343
5998,361748228.7875
5999,2511844.7195354225
6000,22612879.767297197
6001,23086422.142770976
6002,10321315.88470693
6003,457302843.69
6004,75991777.24
6005,6089176.326497069
6006,24535376.47543286
6007,20761234.850073896
6008,4596291.283601505
6009,103116620.52668239
6010,94431970.54387626
6011,36471850.738052055
6012,17768725.677608296
6013,258529246.42
6014,17401460.358796194
6015,62977787.555625
6016,24827195.770859875
6017,8204084.593539394
6018,21590194.087261505
6019,2414863.021582182
6020,2365544.0074193007
6021,10155775.100108743
6022,9670507.301692845
6023,72923098.47403723
6024,3657654.839145034
6025,20950258.54209631
6026,161295799.37138888
6027,16014916.314869713
6028,178448100.425
6029,11697788.671159644
6030,280194805.37
6031,78501811.16967341
6032,6419451.510457247
6033,49516674.06108394
6034,7671947.697976481
6035,510203569.67
6036,4155349.873846287
6037,4375462.148392205
6038,834614.9289690879
6039,7243326.625038976
6040,60521799.30144132
6041,280809858.57
6042,1538639.4248690808
6043,150414709.90523806
6044,8460736.86042962
6045,40664553.1422055
6046,19172275.841453772
6047,7472659.623111942
6048,38038860.24776086
6049,6534761.704128006
6050,11886045.253787696
6051,2749556.380784026
6052,55826371.409489974
6053,481705.77669665084
6054,6704271.462296057
6055,7601833.656486218
6056,26590898.38924952
6057,15836046.02769719
6058,53216658.08333334
6059,123703068.25
6060,59871018.12485178
6061,121014790.06664072
6062,19503133.914609686
6063,100220547.146
6064,4115734.6846919884
6065,110929954.78666668
6066,43668050.69441494
6067,59215951.805
6068,571186.7676863599
6069,141697140.5722222
6070,128908518.52933334
6071,15863809.603917778
6072,58133994.47319047
6073,26980912.868848972
6074,3188167.523269688
6075,32242162.635982767
6076,59761566.640029766
6077,12408318.429051934
6078,96438188.138
6079,562040378.69
6080,7402924.983942147
6081,3587044.2972944584
6082,7040331.78531065
6083,159751543.8675
6084,48700007.030544415
6085,51599021.40244445
6086,6760018.5069815125
6087,46944646.81065957
6088,14236377.999712918
6089,38693591.10322831
6090,304977501.75
6091,1735867.7921240148
6092,9774825.045785714
6093,24841366.22907313
6094,121520269.07188094
6095,173513846.67
6096,27755303.29496576
6097,54317218.493485235
6098,17855888.429115985
6099,45518867.60875247
6100,56632947.875594705
6101,161525529.97
6102,109746813.4947619
6103,75558664.03259504
6104,4451814.832571388
6105,7832394.865052364
6106,1968003.5944442607
6107,635205.8796793557
6108,107876749.21
6109,16624862.044698127
6110,130663594.44516747
6111,1347950.9704561394
6112,1085366.5923138838
6113,12329283.229528323
6114,85173652.02824698
6115,215307192.27
6116,1997234.953535361
6117,14914400.627239758
6118,104387852.1175
6119,123887124.35777779
6120,72142917.285
6121,12586957.78124721
6122,74963836.6425
6123,2527629.225329093
6124,5909793.217562517
6125,4523749.784982445
6126,12624227.263807464
6127,17548809.08312319
6128,289296798.4
6129,19468228.20700126
6130,6877375.273563192
6131,12769357.543811753
6132,700466.4867205
6133,13304944.671341771
6134,40243870.27861738
6135,49647680.402559884
6136,613129132.07
6137,80094743.4348999
6138,12707889.453398356
6139,1043321790.06
6140,8715596.885016464
6141,50683906.69514054
6142,4474316.993355617
6143,5637670.6820581565
6144,32104900.782070704
6145,33232781.707139198
6146,22362418.90601027
6147,54474956.44509554
6148,25515074.484222885
6149,114566915.92578569
6150,417331468.98
6151,33236334.032482233
6152,952172571.23
6153,5743979.727185983
6154,5700247.435376581
6155,159324378.04333335
6156,4100878.087917059
6157,11732643.643851142
6158,151228934.32
6159,39963619.22624342
6160,108999869.09758334
6161,26580355.730390307
6162,36767245.50126768
6163,8878054.351846535
6164,9728254.906305932
6165,43815557.10806202
6166,46097681.06100236
6167,14614298.515269414
6168,26977985.064585783
6169,63026210.79305711
6170,14650935.788875327
6171,28460979.265470505
6172,8373260.515784712
6173,54860545.25007143
6174,106262299.25242426
6175,26184734.56956153
6176,70488056.23484848
6177,94569822.56239685
6178,3517570.0251580435
6179,307227958.65
6180,93537377.43512127
6181,49741518.052428074
6182,384937927.19
6183,19725525.650367014
6184,678470410.13
6185,14114171.538665198
6186,19411557.54859499
6187,11972325.83926187
6188,63628431.61804762
6189,42059334.410962366
6190,135726139.55928573
6191,31415282.309944853
6192,94472010.96235713
6193,19902048.36
6194,2966784.2001525355
6195,3223341.9992630137
6196,66214685.2861973
6197,3747844.774171216
6198,113036724.31769468
6199,714008381.48
6200,1561456.270825147
6201,26180503.036384746
6202,146139618.8102299
6203,669217155.15
6204,11774790.196659489
6205,11717874.000273809
6206,59797120.90063636
6207,87413137.77476189
6208,115088233.19174999
6209,1084845.2735793763
6210,14732594.304852266
6211,76582950.10904726
6212,24339858.29495146
6213,170840520.22
6214,16166163.932096533
6215,16560252.737405153
6216,49008468.53690734
6217,4615789.0236138515
6218,7938502.536923144
6219,48350299.069069035
6220,1345548.9979917947
6221,11804935.56308672
6222,2707965.1161704655
6223,68494714.15813594
6224,44508290.65840986
6225,115269751.56961904
6226,49621756.07233896
6227,40327600.31448104
6228,3998572.0256750416
6229,2759039.8387832902
6230,4768065.9231233485
6231,100858883.05789475
6232,15685819.510956882
6233,184587466.61
6234,21931890.72923889
6235,69807106.3606808
6236,40198301.91189078
6237,7116899.489821542
6238,32259992.602347344
6239,283734542.52
6240,159435729.39376187
6241,1519656.6779978054
6242,11352984.667042127
6243,18090006.198819242
6244,77440167.79864718
6245,8988139.058847891
6246,6513191.073501531
6247,502660095.01
6248,7974806.351789039
6249,14096514.37451984
6250,41622881.60069445
6251,87054757.3277069
6252,20032047.90091284
6253,18186016.545355048
6254,167444484.97
6255,5597963.810120233
6256,23213627.698007002
6257,96541862.05958784
6258,3227567.4339572233
6259,4236597.136625845
6260,16227417.912338376
6261,79240008.0
6262,23215473.89479142
6263,89873942.12234849
6264,14424070.970561503
6265,27416062.811224174
6266,22134053.937896933
6267,167501680.87
6268,963376.7732777058
6269,154141749.955
6270,100209908.25883333
6271,196318095.192
6272,7426872.931676508
6273,36850001.18
6274,371870457.71
6275,39638329.018231995
6276,27458661.99226163
6277,53583281.13371424
6278,14625428.887507688
6279,21390008.573240977
6280,34650310.51210555
6281,18531879.45808151
6282,320289972.06
6283,44206998.58952922
6284,142361343.20545453
6285,75998266.58557971
6286,6343510.568827557
6287,20613752.047336973
6288,121047893.32333332
6289,158499970.5675
6290,645535.2968677034
6291,41445636.27503681
6292,190305704.15
6293,503809657.35
6294,45179172.63718778
6295,314643603.13
6296,10232829.766928742
6297,52347809.33774029
6298,2245949.641078912
6299,802582.1718664237
6300,45329085.30972022
6301,30427432.243987396
6302,7161592.3541382635
6303,8026903.755489025
6304,24435299.623428173
6305,99510721.45527779
6306,55643468.026565924
6307,8501766.571743594
6308,4095739.382530576
6309,5336834.440195251
6310,57245317.773384325
6311,2942658.758620347
6312,12998670.312079389
6313,41695633.01503422
6314,46041336.68975962
6315,5109223.299559083
6316,69312327.3911111
6317,165299088.265
6318,68091964.43338636
6319,74710155.06266303
6320,5342911.175912877
6321,116656644.70181818
6322,53512586.69610905
6323,34760031.820019916
6324,7691891.745412647
6325,121813109.48
6326,7650347.035598416
6327,45141889.40147512
6328,49411549.66
6329,11308433.077360023
6330,6106440.348356264
6331,106504666.29727273
6332,5317863.008710952
6333,23933385.46630924
6334,10089366.130920518
6335,73292199.54583333
6336,59945109.68320421
6337,59650407.895406336
6338,1254054.1590121277
6339,34895381.75284106
6340,9537919.488211293
6341,3050642.837951658
6342,9217730.218533646
6343,82138764.13998291
6344,59215940.7890704
6345,6140623.051379229
6346,166020048.08222222
6347,116050627.54333334
6348,24476174.092491254
6349,59306923.88646532
6350,2203550.343746654
6351,102932713.4809
6352,95770928.59008422
6353,4058344.362000007
6354,4802370.935265878
6355,408843.3795276685
6356,50207927.055995084
6357,21190226.01742865
6358,4555947.477465533
6359,10743338.724674124
6360,13303497.119867267
6361,149803448.4402359
6362,10427027.844591212
6363,11408856.70453161
6364,8766923.394127643
6365,171228146.72666666
6366,47413945.57739513
6367,23847166.63420882
6368,48191542.2946605
6369,21447382.67118496
6370,262517478.31
6371,15357950.924670637
6372,57347112.31328242
6373,5974884.098849634
6374,11781828.243546586
6375,92758043.35
6376,28575253.821478464
6377,22197701.16183196
6378,5452190.0136003615
6379,249886492.44
6380,20874494.052420355
6381,478807052.86
6382,102257920.4775
6383,51546687.10611215
6384,77426984.78541277
6385,25397934.070838593
6386,336993031.34
6387,15260478.952725792
6388,12060622.965911059
6389,9106630.19808421
6390,52613707.258792736
6391,8873826.078821294
6392,24826602.806788083
6393,252802269.83
6394,210788849.26
6395,1388879.5710797668
6396,18339398.709850255
6397,4858335.52253116
6398,8398736.466012754
6399,4893074.907592566
6400,16664923.227901738
6401,7080520.368290817
6402,36916242.77790529
6403,4643507.423351678
6404,30000376.86307786
6405,2940004.3263344155
6406,10047282.116656013
6407,26350068.8150835
6408,57355009.83473966
6409,63940129.070399284
6410,20006538.04434631
6411,9418413.393576922
6412,8857278.95439651
6413,44220455.535
6414,610345371.08
6415,1892785.1522200468
6416,8514854.947386412
6417,100807894.34436446
6418,93630719.6475
6419,49783319.00657486
6420,45189716.67431334
6421,27816878.384584
6422,541877.76022433
6423,10007725.891704248
6424,100386853.325007
6425,72775750.0215099
6426,13203646.008773636
6427,9546219.322549658
6428,5540295.223124356
6429,36603584.07050956
6430,98238681.06872223
6431,122186752.7575
6432,130773612.24696016
6433,37906250.78593584
6434,30034347.63633253
6435,26725238.74865913
6436,58882696.76391907
6437,18240031.86245451
6438,42827255.68724269
6439,28591710.763690263
6440,69977958.18217514
6441,14764157.472467491
6442,11965056.152348094
6443,23288722.09440468
6444,1899543.0651121608
6445,528297160.14
6446,198652505.47
6447,39248073.15817513
6448,7671993.654476471
6449,36608354.74094668
6450,27114162.254561402
6451,14069666.519379523
6452,52035456.662857145
6453,79474485.27415636
6454,55340443.393340215
6455,23838717.20550303
6456,28585351.35385817
6457,109718885.04166669
6458,6467774.360043282
6459,28434188.355475284
6460,99688662.53654762
6461,163235267.84416667
6462,195855696.56333336
6463,1906714.51222985
6464,24696372.26253408
6465,13887079.149667392
6466,38915944.38408985
6467,43919382.536123246
6468,2626498.444802808
6469,15000298.843015485
6470,5950312.855699234
6471,3957291.193036929
6472,13965677.888902212
6473,26457107.900031943
6474,13382184.45122427
6475,6670367.239470493
6476,326742946.89
6477,69164775.87817281
6478,26974567.60310415
6479,461644129.97
6480,48371149.39120944
6481,49927998.467857145
6482,4095415.9795648004
6483,2452589.266034624
6484,148420779.76714286
6485,86457308.12741667
6486,1210087.2961558532
6487,89220729.98686336
6488,56007173.88482986
6489,30634542.064872295
6490,10395567.068111565
6491,14186088.091430543
6492,30443482.568444442
6493,75479420.31441496
6494,148429384.02333334
6495,10559485.381170219
6496,406828320.01
6497,204438357.34
6498,38517611.70785714
6499,26154282.850668464
6500,16290225.857326211
6501,8394601.682353446
6502,186367390.34
6503,21848388.509256646
6504,16855986.724951185
6505,25959581.436007623
6506,33970086.2459068
6507,27521613.4157763
6508,86081226.37945813
6509,12752840.388044752
6510,4044936.6812941134
6511,17994797.71447206
6512,5523744.907273883
6513,28146235.94804313
6514,11535417.039591514
6515,367618364.41
6516,55784896.91019991
6517,4296159.1939395135
6518,30365299.027250715
6519,100597220.28316666
6520,8031703.954272284
6521,358192590.23
6522,50768615.87328988
6523,108815170.39
6524,31683454.338463295
6525,86896338.98424359
6526,538948520.49
6527,4362288.567226329
6528,23293868.246643357
6529,19447339.15324631
6530,144821391.5233333
6531,15911993.98423222
6532,19305046.237045307
6533,5125930.781043835
6534,432643496.27
6535,10768259.161105962
6536,34882731.871650934
6537,67533835.92
6538,32086640.256188642
6539,245458349.26
6540,105390892.55320622
6541,91628056.47489665
6542,23204699.802120987
6543,1002444.3486560109
6544,27476201.656326193
6545,19539250.901877318
6546,434549989.71
6547,2415066.063653315
6548,95598015.36929485
6549,95123308.70555556
6550,78289420.82839394
6551,55168680.22833334
6552,24859848.32872549
6553,1632398.070784755
6554,28882261.001415987
6555,42828661.72831152
6556,76976398.71139851
6557,24693645.7548309
6558,116493616.22189666
6559,55391027.46350648
6560,263316490.75
6561,5542156.33538354
6562,107385551.89345455
6563,17895706.358646266
6564,22045549.80401531
6565,45146279.054678
6566,52466647.77004596
6567,13263077.638513789
6568,39825461.34267021
6569,3405776.280431768
6570,58536640.962002285
6571,29489051.540976003
6572,756755.5396515898
6573,49891879.60616377
6574,39751469.33172755
6575,5597463.113703624
6576,24021291.159426175
6577,19934940.94629615
6578,58459473.18
6579,30061776.507363304
6580,16886877.68992096
6581,54704393.80893424
6582,1534277.9561070234
6583,9729307.117679557
6584,2289756.968650647
6585,68729969.95523809
6586,71555680.72747618
6587,52380797.11496844
6588,6816878.44085332
6589,39398048.34956862
6590,156362420.33666667
6591,18246901.898105815
6592,151895380.4425
6593,99450114.88149999
6594,104757880.08742426
6595,2007222.2143420908
6596,120830035.44600001
6597,2256502.136090459
6598,19944363.62834836
6599,21093005.28363636
6600,18762590.137893435
6601,75318364.60281606
6602,458270363.16
6603,45127470.25033333
6604,21228043.034990154
6605,129391654.60735294
6606,8407751.750703076
6607,75630072.785
6608,2755453.047479711
6609,12316994.98723353
6610,31174611.27654729
6611,4873150.922302784
6612,785742134.34
6613,49364341.49790758
6614,297289560.39
6615,3262809.653691943
6616,125834552.82197836
6617,70463334.52763528
6618,53528351.88519783
6619,14522624.444674855
6620,13476577.525417833
6621,52705415.75015727
6622,129467272.52566665
6623,221498673.92
6624,122614208.015
6625,153962481.385
6626,29810046.16554294
6627,102829526.21422222
6628,2203458.6432910357
6629,25609577.926031847
6630,3664477.6637911173
6631,6555630.472769792
6632,31955964.18559871
6633,13235314.026741046
6634,19956231.784633007
6635,25279576.797477752
6636,117787802.16497502
6637,55005530.59632563
6638,2028013.8229237276
6639,32332732.679487176
6640,26277129.902894564
6641,202827058.68
6642,251125385.29
6643,2226558.5419680374
6644,15914253.99910268
6645,44640757.02283161
6646,49157917.303140566
6647,3305938.747857753
6648,66228853.93076189
6649,5311531.55237943
6650,7140655.7292505335
6651,41590557.93680357
6652,4334793.037920086
6653,57638804.993321426
6654,146162394.67
6655,53625517.30701919
6656,24085907.03961956
6657,109911536.4472619
6658,17624083.285484143
6659,14913639.921631627
6660,9020408.36455467
6661,2442734.8250015806
6662,31566635.083910298
6663,573565138.84
6664,19368459.346355874
6665,814496.6072676854
6666,27796765.765215896
6667,161469736.55095237
6668,37125156.83300178
6669,48705720.385
6670,8884019.107593505
6671,60775162.162154496
6672,32322729.11896951
6673,126936273.09460784
6674,382247571.16
6675,100940792.77046017
6676,11609960.290917335
6677,1781801.55862153
6678,4834217.84797409
6679,474762745.18
6680,23153843.44532667
6681,588068316.5
6682,71327032.67
6683,65297552.34146878
6684,1226533.8285933773
6685,9737672.47717253
6686,32199963.77214052
6687,78660407.96803218
6688,36023647.745
6689,63918277.34081044
6690,229192830.29333332
6691,3591143.8921798654
6692,510740172.36
6693,67218796.99550483
6694,73117328.90665267
6695,86253262.46916302
6696,179426111.58483332
6697,23146410.200703856
6698,13324974.010110805
6699,334097835.28
6700,180153577.11
6701,54465850.76996593
6702,37372885.76061081
6703,10955505.297228947
6704,7290036.105499962
6705,46398974.71766078
6706,38338868.0783585
6707,40878848.0568116
6708,57284080.224880226
6709,5457095.965328526
6710,101343078.09850708
6711,75664027.19784874
6712,151098518.9924762
6713,7472814.403902442
6714,1857194.2303462652
6715,17483390.563461922
6716,39783603.70166667
6717,329851367.31
6718,27044991.40918369
6719,49890009.98554005
6720,3190488.85744527
6721,78776302.93669048
6722,9590926.735337563
6723,148824793.63825
6724,19231210.496572755
6725,3251424.0411599004
6726,114254079.93878788
6727,13506062.039900279
6728,16935267.936306786
6729,19024114.44428111
6730,29086579.806583367
6731,3255567.1588728996
6732,18453814.578760073
6733,128795120.83699915
6734,19460492.975174796
6735,98051428.04065928
6736,9571415.819224335
6737,4844797.424566163
6738,17235899.61275641
6739,21573905.968014847
6740,2125347.9003508915
6741,7431967.031664764
6742,35774154.08
6743,136956447.5
6744,36303199.28148172
6745,7948901.596526383
6746,89527974.55242445
6747,19698365.964747656
6748,10059374.761648031
6749,7276571.636956516
6750,4263122.969218679
6751,11260588.396960316
6752,117239510.97666666
6753,22128462.16619445
6754,112163337.47
6755,9883580.696735404
6756,158148818.39822224
6757,57193822.48721912
6758,13091195.118452761
6759,147760146.17
6760,28882712.89105047
6761,29106128.80127413
6762,2212711.87415036
6763,50294100.77802798
6764,21114948.95750671
6765,173570920.94
6766,942605.1751516965
6767,41931248.67956818
6768,171160478.54999998
6769,55024639.47047619
6770,17608321.284903854
6771,27708308.527182106
6772,12344764.260397928
6773,43523176.798051625
6774,221121708.98
6775,387234567.3
6776,1301198.519169385
6777,31388295.60109099
6778,97947309.7331746
6779,46666085.58044372
6780,83765969.64298446
6781,10591690.224763015
6782,92136191.78892605
6783,34662327.4727342
6784,3943477.593314441
6785,79215718.31817605
6786,10265813.162221033
6787,39899866.717610024
6788,6913140.23022123
6789,5986732.322055467
6790,13305178.207051769
6791,52870476.12440198
6792,338345422.8625
6793,90567791.03857143
6794,16057409.816620555
6795,8998612.945652874
6796,762930566.98
6797,19589304.62148309
6798,31761735.760629855
6799,3567619.8983272295
6800,120509409.50166668
6801,302043604.74
6802,32418325.55508659
6803,176990447.36
6804,17047791.27224797
6805,75819012.74486761
6806,7928026.4875844
6807,58003429.188764326
6808,4297854.3910326995
6809,35690871.62119988
6810,14422319.021741908
6811,104958648.83013889
6812,12032589.338552363
6813,101792307.22866666
6814,9700055.920426255
6815,13386174.600563204
6816,8764121.951334057
6817,1281549.205039957
6818,3396117.7061706986
6819,78126809.65748942
6820,61096439.86201153
6821,23835977.122887526
6822,30605986.998473752
6823,56407023.4933207
6824,211759890.41333336
6825,57917681.025714286
6826,23487212.24935
6827,5095931.657450279
6828,2171565.5829322413
6829,8042483.488214023
6830,27999770.974499594
6831,55153508.92216504
6832,36592288.19367474
6833,23216722.70053709
6834,13611060.014388938
6835,127331781.91650002
6836,8483665.043067181
6837,158319360.6521059
6838,8507267.038463918
6839,12327422.846768634
6840,29101679.660876393
6841,52508141.35480489
6842,5805994.667212449
6843,14195122.405794604
6844,141505754.62666667
6845,16367086.102038551
6846,85842186.70888889
6847,6924633.183668297
6848,38048396.482577674
6849,22592508.7927741
6850,70442760.45361905
6851,268405622.9375
6852,9248690.279781673
6853,31883533.75186558
6854,66744492.864078276
6855,37051258.04202002
6856,2598280.315460127
6857,17941573.992544413
6858,6080293.75015579
6859,55433800.606618226
6860,27295667.753711086
6861,29389048.942857146
6862,66199114.07231638
6863,325965092.11
6864,15082341.929054536
6865,10705768.293034956
6866,89377083.63285698
6867,52709152.39694911
6868,822996870.82
6869,37911464.15864231
6870,1062101.1017285518
6871,92322599.594
6872,3168858.7672707457
6873,33008378.030694734
6874,66381280.38990477
6875,10002853.636683375
6876,54941695.532546766
6877,41744386.945
6878,11245700.37657685
6879,15774299.480795188
6880,6339646.883120016
6881,38474805.195203096
6882,80007390.114
6883,66406914.571999386
6884,17024609.740059167
6885,19959443.746221904
6886,3359731.382408764
6887,51170815.545531444
6888,62534449.107222356
6889,6710100.590236212
6890,14026406.43046421
6891,56181985.12461757
6892,135220136.09149998
6893,164314872.356
6894,59040080.01950049
6895,2380453.516997369
6896,9265277.227502994
6897,5145099.164842628
6898,23087973.635501724
6899,13429241.48992691
6900,74094535.04090607
6901,51135741.085556164
6902,9696460.312666744
6903,22847189.0675
6904,204419610.61
6905,40141935.26784382
6906,147113297.33
6907,40824711.874844305
6908,15647662.707511732
6909,6250392.067009438
6910,14321357.986531876
6911,11566243.3752107
6912,26422922.376884226
6913,453896161.54
6914,442338678.67
6915,21771508.426114503
6916,20425863.248665795
6917,875505268.35
6918,65713879.58391693
6919,7531410.661918424
6920,85800656.20442048
6921,355001224.34
6922,12676463.660857573
6923,7063700.922634826
6924,12964673.932873826
6925,15424822.77855668
6926,21985174.231028654
6927,3637155.078697363
6928,34625332.456220716
6929,67093514.58924024
6930,149237671.93
6931,12692335.714483382
6932,6603746.754401474
6933,11977519.938925207
6934,98603179.92798786
6935,3902747.5492056604
6936,26707965.75109771
6937,161941642.64
6938,3466857.610611641
6939,17650099.321662728
6940,128906202.95404524
6941,127346083.9577381
6942,18924287.134419024
6943,5581052.856182747
6944,114788171.86
6945,18172789.258719686
6946,109811623.89042264
6947,10168234.094467407
6948,34473171.64706856
6949,88378792.88323417
6950,343167093.98
6951,2280807.114267131
6952,19933105.00939689
6953,30242081.344308995
6954,20080766.481386796
6955,61830909.948954925
6956,12185238.619167268
6957,13160168.327141244
6958,2768617.918147403
6959,5964674.169871475
6960,50296480.11615708
6961,20847591.342006255
6962,132432342.18219048
6963,35816815.36949814
6964,75717356.17773756
6965,7440129.102795967
6966,93770020.33576365
6967,181395923.04
6968,6290723.574021321
6969,4088861.205345711
6970,25327309.187115856
6971,134978702.72716668
6972,1189694.354875221
6973,59718524.535809524
6974,52570706.931825124
6975,34601618.643100165
6976,32620221.47381156
6977,6618241.134779014
6978,7722930.093314723
6979,68288161.09724976
6980,21107938.166856468
6981,2123351.7504984154
6982,108255914.02285713
6983,9363547.094827246
6984,118795575.10043478
6985,263449292.86
6986,34632099.871069774
6987,5436916.649459141
6988,26733586.063476562
6989,11386695.961154748
6990,401238418.87
6991,6908602.416152191
6992,10174997.806040429
6993,16253372.104934098
6994,7865095.214978909
6995,37428559.24828644
6996,89826482.95804748
6997,1087298.692226923
6998,18813709.923852548
6999,173372825.23433334
7000,5098257.330993577
7001,12895810.403900359
7002,11854512.258577043
7003,35009111.89633872
7004,48194392.945
7005,1684976.1785327764
7006,1542753.061680119
7007,49875683.01310001
7008,86661523.6095
7009,15602847.191077434
7010,15691743.511535943
7011,3143676.6418295433
7012,11457528.41294799
7013,4228072.628666755
7014,2004100.2259227545
7015,178224476.12
7016,331416285.99
7017,20354246.120861113
7018,46778071.59183973
7019,104220048.47600001
7020,60527097.172404766
7021,48372538.22627099
7022,88419597.89874926
7023,108695105.66933334
7024,24729596.983556554
7025,15620119.139340509
7026,235945646.74
7027,57607010.76
7028,4414159.907321556
7029,100579059.30406712
7030,50320545.20449975
7031,69462187.82683766
7032,35415032.55783567
7033,16433482.539700856
7034,32807678.102976188
7035,21190673.242282253
7036,8230159.539721396
7037,30140755.750329174
7038,13802952.886673126
7039,77195907.47889474
7040,17682115.260198668
7041,81014011.52018681
7042,103669833.29333334
7043,9874372.436094984
7044,50410666.90980859
7045,38740336.51317804
7046,111749764.25928572
7047,235000919.555
7048,30960732.339187775
7049,91547235.12646969
7050,936753.175037238
7051,11406049.822811056
7052,94259968.25162743
7053,15966872.881057039
7054,59133938.36530954
7055,114225867.45233333
7056,330543294.75
7057,43514416.123113096
7058,5928761.995062511
7059,78761184.43485156
7060,18501882.466925044
7061,31151922.79630719
7062,71956635.25378205
7063,3054001.835258141
7064,175577962.515
7065,40050046.49376398
7066,10504730.96234084
7067,575820.5812203982
7068,102515320.89961538
7069,10263271.838106139
7070,176507617.05
7071,236360445.9
7072,5061223.872788262
7073,37545868.15
7074,15356110.566950986
7075,42689114.96
7076,61010934.85416666
7077,49363059.615461715
7078,97679404.88333333
7079,6143055.842015484
7080,18976446.34511675
7081,21854005.027334247
7082,6572810.240933151
7083,2673322.7794936104
7084,81660628.33471063
7085,19015510.364125367
7086,17962639.237759646
7087,162336745.75
7088,93496911.6139248
7089,9437058.965643084
7090,10940270.202369103
7091,9460759.86365994
7092,274749320.96
7093,60122999.37776297
7094,43756121.35166277
7095,10112067.468719099
7096,49011215.075459264
7097,147903272.44
7098,93223219.88496456
7099,60641102.22262877
7100,14141364.13988258
7101,47853219.82463192
7102,9078587.432236163
7103,7936431.483695913
7104,13788466.471166668
7105,85093843.10874999
7106,31258985.589691047
7107,50790122.679800704
7108,3727554.255302276
7109,28633086.6744374
7110,3151781.8032133216
7111,22702417.208700165
7112,160659719.61
7113,113485414.65306334
7114,23999826.258893356
7115,46505055.74515304
7116,14720719.490770107
7117,5182089.809112717
7118,17392624.461771745
7119,65869025.819399804
7120,6176901.3294972135
7121,26198480.91785714
7122,2612021.0815232517
7123,4916654.283393672
7124,502197646.91
7125,75065618.83864237
7126,325502938.2
7127,64250443.268796824
7128,23020106.27652051
7129,8674008.009372573
7130,35672727.704584904
7131,51196791.83247719
7132,39103477.495198414
7133,190485900.96545455
7134,74580464.1947535
7135,104041439.39196779
7136,51630530.26123214
7137,22327479.992493726
7138,29120913.45738591
7139,4116578.3155270647
7140,175806600.95
7141,2915264.5609034603
7142,42596407.22954618
7143,92167921.03718615
7144,2828235.761186843
7145,39145723.63368832
7146,5312255.056386022
7147,33659994.26824222
7148,78628369.31565505
7149,12089612.904048732
7150,14217341.067416282
7151,25904707.365480155
7152,105640824.65155357
7153,11119195.273666447
7154,44332843.76390773
7155,231796336.89
7156,9721986.02837097
7157,94297740.91096212
7158,13702902.473594446
7159,4937959.4769792985
7160,6045287.541417356
7161,68900440.4725614
7162,348138052.67
7163,45577372.2718931
7164,3520847.195537358
7165,174754151.52
7166,29372089.07033573
7167,7443099.035887943
7168,4351231.250450055
7169,8903316.092829457
7170,13788070.395597124
7171,17376890.77764578
7172,19184993.448016886
7173,12388695.435723998
7174,7244175.884975957
7175,24037682.74449061
7176,59053133.064547636
7177,76896871.9901512
7178,27858081.211741176
7179,142806339.8866667
7180,1978767.6298469435
7181,9076036.123197898
7182,75625172.54912357
7183,11099773.713422485
7184,1089593826.06
7185,30161073.75677849
7186,47313183.7032529
7187,91355234.78350002
7188,85898584.85066499
7189,53501269.34295141
7190,14012328.792839585
7191,4666057.597136831
7192,34438112.58915362
7193,37526189.98137606
7194,315034437.63
7195,30902494.734988917
7196,25881370.58680432
7197,13903472.306833303
7198,24418079.952713717
7199,16515666.601555865
7200,125265331.94218671
7201,12222234.372306528
7202,40028311.00861547
7203,15193087.446533356
7204,89951658.742674
7205,262864937.71
7206,146353675.5812745
7207,394139583.28
7208,39788585.31306943
7209,29590353.88
7210,2154896.3265395057
7211,3998295.5012065046
7212,69747734.55406462
7213,34794658.09475825
7214,310142816.39
7215,149345417.20200336
7216,128640056.56
7217,3956369.949491403
7218,28399023.936425686
7219,19684135.019082185
7220,75335326.12717535
7221,46352882.74221491
7222,98686602.10568027
7223,15907754.73336392
7224,11421004.207738852
7225,2352462.0210623676
7226,49517211.13295705
7227,83220277.57012081
7228,71608515.51953058
7229,36274760.936393954
7230,6666732.712324307
7231,7977693.36837658
7232,349059437.16
7233,207863856.04
7234,261820514.13
7235,31789984.426232096
7236,115643697.07402164
7237,19032848.23582967
7238,10733445.122448334
7239,747021120.96
7240,46565500.426934004
7241,185642501.18294117
7242,76511323.05928978
7243,20240444.874722026
7244,69581974.5056221
7245,3584080.1032176525
7246,27093033.233769484
7247,97623705.58910255
7248,66010991.23816667
7249,22077362.039574135
7250,4189256.4274296598
7251,40311705.3113147
7252,30341632.765019536
7253,16490277.342889195
7254,71636130.81849186
7255,2829955.590673185
7256,19179084.817737278
7257,47904627.32779191
7258,39536122.80301207
7259,10067262.07980658
7260,1373656.0140300116
7261,523134217.5
7262,672033.6006094759
7263,51311515.11398606
7264,6768095.929271255
7265,44234019.92643783
7266,30432614.492475532
7267,5436460.538177787
7268,5638561.912775848
7269,163112304.657
7270,326820125.56
7271,6762306.809160342
7272,36421508.75159986
7273,15612633.238704888
7274,27916105.05587541
7275,55810605.476637505
7276,5652754.22904462
7277,151282790.68833333
7278,400506497.81
7279,259592710.61
7280,107991776.77642857
7281,64200918.26358308
7282,67914370.54966667
7283,217269676.17200002
7284,10154259.246559344
7285,65897131.80940026
7286,240775474.1
7287,15360171.853107596
7288,12590177.940363068
7289,150159990.32185066
7290,29680901.015009332
7291,52157029.47425569
7292,3654132.353958885
7293,48257836.210527465
7294,21502882.368019667
7295,59133253.05951515
7296,3764486.305143708
7297,74401532.45709042
7298,14111476.82162348
7299,10932481.433020122
7300,15070660.879600735
7301,44176138.81765173
7302,3142929.614516129
7303,7295128.70077791
7304,24482093.80453528
7305,6096500.024024219
7306,536252614.68
7307,25514638.578360125
7308,1960510.4189281594
7309,73825088.29965518
7310,17010518.82111097
7311,9347240.687086888
7312,128521426.40666668
7313,201528488.02
7314,27485321.07364912
7315,5202583.548898738
7316,18017529.61072688
7317,15521884.390749453
7318,95501017.6218237
7319,7967218.415706647
7320,323377162.69
7321,17838831.86429638
7322,15153204.645819696
7323,43063903.48934038
7324,23495712.555406824
7325,334341900.43
7326,274320776.79
7327,23626571.085779518
7328,104826153.52718477
7329,151093697.495
7330,295798054.29
7331,116676303.37809524
7332,41643583.06949065
7333,95421507.97760147
7334,18712863.623301562
7335,62214285.302056186
7336,55258407.83286033
7337,17636842.54691175
7338,50684020.45986431
7339,72670982.04839467
7340,20535478.299473718
7341,2397141.369258834
7342,100903794.30137287
7343,13877923.589344192
7344,2798649.6746221967
7345,7942356.601537862
7346,15303811.500231098
7347,21486985.60440484
7348,12540529.123269672
7349,41350328.569818184
7350,37165355.3489478
7351,51537597.85825464
7352,1454977.4931321633
7353,10445694.298364297
7354,3010283.76234545
7355,55356983.36601616
7356,68165912.36206798
7357,8019683.596814714
7358,19975014.680589747
7359,76653279.83161111
7360,67911445.38003726
7361,1066181.7636178627
7362,183124615.11683333
7363,622488767.39
7364,1685684.253184873
7365,54191042.52486734
7366,39095457.27414808
7367,8370379.734015269
7368,20650223.175695192
7369,99448330.0485412
7370,101371727.99192856
7371,8866631.697546817
7372,126283837.18583332
7373,352414197.7
7374,57104804.03
7375,81002840.04919842
7376,1498807.9007975387
7377,74171197.3643889
7378,99351041.4202143
7379,100488064.4729559
7380,19762284.7487637
7381,9907804.586345423
7382,28726876.81017297
7383,933342.2826392232
7384,25180402.648113657
7385,45408804.73936109
7386,49810542.49647979
7387,6613114.977773032
7388,8830568.60873708
7389,1955416.8006052666
7390,2588175.851990078
7391,29218590.70065948
7392,19805414.17364147
7393,509479824.69
7394,96515860.52
7395,51942409.36756777
7396,44421547.59125285
7397,93835692.50881188
7398,9597093.70617147
